hours,condition,policy,n,sigma_single_mean,sigma_single_sd,sigma_single_min,sigma_single_max,tau_regression_mean,tau_regression_sd,tau_regression_min,tau_regression_max,tau_mle_mean,tau_mle_sd,tau_mle_min,tau_mle_max,ks_mean,ks_sd,ks_min,ks_max,aic_powerlaw_minus_lognormal_mean,aic_powerlaw_minus_lognormal_sd,aic_powerlaw_minus_lognormal_min,aic_powerlaw_minus_lognormal_max,signature_regression_hits,signature_regression_fraction,signature_regression_ci_low,signature_regression_ci_high,signature_mle_hits,signature_mle_fraction,signature_mle_ci_low,signature_mle_ci_high,mle_and_gof_hits,mle_and_gof_fraction,mle_and_gof_ci_low,mle_and_gof_ci_high,gof_reject_hits,gof_reject_fraction,gof_reject_ci_low,gof_reject_ci_high
0.25,capped,fixed_10,20,1.480786009478459,0.06008320960875381,1.343342036553525,1.5649263721552875,1.5259032356878905,0.07031261766636276,1.4377399696211657,1.683685234967841,1.4623181019560516,0.02723221349704262,1.4196873145878488,1.520361483704237,0.013666808853609297,0.0056503707441636465,0.006262885656688,0.0275190630659103,-1.0819692572518762,1.9153785908996412,-2.000000000000909,5.684736653103755,0,0.0,0.0,0.16112516018512965,0,0.0,0.0,0.16112516018512965,0,0.0,0.0,0.16112516018512965,2,0.1,0.02786648096169142,0.3010336471864123
0.25,capped,iei_rounded,20,0.36948580568688805,0.014608244467812647,0.3418116912092815,0.397841726618705,2.14512238769398,0.07041346404671751,1.982797554200303,2.281219129828148,1.9798891709420698,0.028727795766698143,1.938729155075405,2.0473428141109142,0.021167614400929746,0.002996786473853393,0.0128754321969958,0.0254873488882019,31.84397464891763,11.025926270715194,5.768174755352447,54.85840188085422,0,0.0,0.0,0.16112516018512965,0,0.0,0.0,0.16112516018512965,0,0.0,0.0,0.16112516018512965,20,1.0,0.8388748398148705,1.0000000000000002
0.25,capped,selected_mle,20,0.9770755099177055,0.016971001295786447,0.9336384439359268,1.0031720856463124,1.5435775051471594,0.07088223014239187,1.4255729172449951,1.6844335250215272,1.4844833753853195,0.020075898596774968,1.4580827436091308,1.520361483704237,0.013269783693646056,0.005739785601935121,0.0049196360197586,0.0274565856660063,-1.24512154139602,1.820437997285417,-2.000000000001819,5.290346442502596,20,1.0,0.8388748398148705,1.0000000000000002,20,1.0,0.8388748398148705,1.0000000000000002,17,0.85,0.6395811333571357,0.9476312545132735,3,0.15,0.05236874548672649,0.36041886664286427
0.25,capped,selected_regression,20,0.9931048187777707,0.03541705591696544,0.879472693032015,1.03299293008641,1.5254622921664838,0.06049503708465483,1.4377399696211657,1.683685234967841,1.4695988948785943,0.030886154568912434,1.4196873145878488,1.5553544480442143,0.013501885101835143,0.005533915408878703,0.006262885656688,0.0275190630659103,-1.180488373622802,1.9101649964377343,-2.000000000000909,5.684736653103755,20,1.0,0.8388748398148705,1.0000000000000002,20,1.0,0.8388748398148705,1.0000000000000002,18,0.9,0.6989663528135878,0.9721335190383086,2,0.1,0.02786648096169142,0.3010336471864123
0.25,homogeneous,fixed_10,20,0.1595028928156899,0.004015937563265547,0.1531395018467657,0.1668256390690576,4.485268550152948,0.23990752493061857,4.047000229505589,4.952184391805274,2.9677295035334805,0.02167590952201298,2.921919940760484,3.0017703645333587,0.04151745786774345,0.0016415535189805513,0.0385052293140214,0.0443520539012447,806.3827889076895,48.44075919833253,721.0376219120699,900.7755988121772,0,0.0,0.0,0.16112516018512965,0,0.0,0.0,0.16112516018512965,0,0.0,0.0,0.16112516018512965,20,1.0,0.8388748398148705,1.0000000000000002
0.25,homogeneous,iei_rounded,20,0.8603387667082887,0.018439350776495805,0.8306574923547401,0.9109863672814756,2.5186568592548926,0.059801876978643656,2.3649950037260554,2.666281067683373,1.399501085479076,0.00979310765062306,1.374310190239461,1.4153626782470656,0.14001697830928636,0.005521839031536006,0.1233717508506148,0.1470840321963809,1285.8854564054946,72.41647270858373,1113.885517191251,1411.4861800556937,0,0.0,0.0,0.16112516018512965,0,0.0,0.0,0.16112516018512965,0,0.0,0.0,0.16112516018512965,20,1.0,0.8388748398148705,1.0000000000000002
0.25,homogeneous,selected_mle,20,0.8603387667082887,0.018439350776495805,0.8306574923547401,0.9109863672814756,2.5186568592548926,0.059801876978643656,2.3649950037260554,2.666281067683373,1.399501085479076,0.00979310765062306,1.374310190239461,1.4153626782470656,0.14001697830928636,0.005521839031536006,0.1233717508506148,0.1470840321963809,1285.8854564054946,72.41647270858373,1113.885517191251,1411.4861800556937,0,0.0,0.0,0.16112516018512965,0,0.0,0.0,0.16112516018512965,0,0.0,0.0,0.16112516018512965,20,1.0,0.8388748398148705,1.0000000000000002
0.25,homogeneous,selected_regression,20,1.3208592533117947,0.25519566291417584,0.9989029072956664,1.6021840873634945,1.5173040739519967,0.4967643434239495,1.0429864192866074,2.2177993757839927,0.9344585567312762,0.23852633916444013,0.7197001079353615,1.2292587714254584,0.11267983627038192,0.01657158556334627,0.079434880652879,0.1351996111607495,535.4804278335686,365.7208224298858,179.13408837146926,1014.7388506045407,0,0.0,0.0,0.16112516018512965,0,0.0,0.0,0.16112516018512965,0,0.0,0.0,0.16112516018512965,20,1.0,0.8388748398148705,1.0000000000000002
0.25,mixed,fixed_10,20,0.986443150397388,0.055875369391887364,0.8962585034013606,1.0797227036395147,1.545437686537435,0.05563563202669184,1.4593845938674417,1.6342700016333334,1.2652717405512957,0.028061053292430086,1.1952241066636926,1.2959239580333186,0.0641719480829847,0.007570734477926859,0.0514154080631055,0.078530621053194,46.91063682882755,10.13356228679136,29.64679523950053,64.84490858935078,13,0.65,0.4328542750684442,0.818808176876017,0,0.0,0.0,0.16112516018512965,0,0.0,0.0,0.16112516018512965,20,1.0,0.8388748398148705,1.0000000000000002
0.25,mixed,iei_rounded,20,0.628514224984124,0.02959289625777819,0.586856851757514,0.6979236436704621,1.996773397515716,0.09505425387448606,1.8403869067553305,2.219797357746032,1.5745464845592685,0.0336827289680641,1.491720772980342,1.6187180454175358,0.06631360348921736,0.005726785019720117,0.0553001506409082,0.0741978206387365,140.02716473069103,31.148570014244335,73.15287677701417,201.14818639489025,0,0.0,0.0,0.16112516018512965,0,0.0,0.0,0.16112516018512965,0,0.0,0.0,0.16112516018512965,20,1.0,0.8388748398148705,1.0000000000000002
0.25,mixed,selected_mle,20,0.8952551741472249,0.060233462526501066,0.8020050125313283,1.0218408736349454,1.6315213498124013,0.07912190695643458,1.476298520200476,1.7585549718050577,1.3273291391742235,0.03839502109863109,1.274797981632835,1.3880980575902324,0.0650053641097339,0.0075750623869787585,0.053242562008509,0.0801940883056767,60.094601998321785,16.37829220052804,29.977454740932444,91.39079975138702,13,0.65,0.4328542750684442,0.818808176876017,10,0.5,0.2992980068701797,0.7007019931298203,0,0.0,0.0,0.16112516018512965,20,1.0,0.8388748398148705,1.0000000000000002
0.25,mixed,selected_regression,20,0.999333089250721,0.051386512836602644,0.8962585034013606,1.0797227036395147,1.5166296444796359,0.06337443080291467,1.366214949615114,1.6210934218182882,1.2543319743319838,0.028472326964790476,1.1952241066636926,1.2910174511640538,0.06261314981748842,0.008486656372025732,0.0443104363803384,0.0772353862926718,42.624864047393885,12.848449912888176,18.07595068075261,62.51793617525982,13,0.65,0.4328542750684442,0.818808176876017,0,0.0,0.0,0.16112516018512965,0,0.0,0.0,0.16112516018512965,20,1.0,0.8388748398148705,1.0000000000000002
0.25,refractory_0.8,fixed_10,20,0.9347383406769977,0.0351186171898514,0.8659644024700327,0.986417033773862,1.9801860994353262,0.05509384876291919,1.8566702624330325,2.0765148000988884,1.595534573656416,0.016632940036325483,1.574721286731295,1.6279124250689687,0.023268261759127173,0.003553696792785228,0.0175562983755359,0.0316358506208938,47.44829857073701,12.751380829009603,33.48166066587328,85.62704234345983,0,0.0,0.0,0.16112516018512965,20,1.0,0.8388748398148705,1.0000000000000002,0,0.0,0.0,0.16112516018512965,20,1.0,0.8388748398148705,1.0000000000000002
0.25,refractory_0.8,iei_rounded,20,0.8410001202418123,0.09176967577496369,0.6592689295039165,0.9826418289585096,1.9801860994353262,0.05509384876291919,1.8566702624330325,2.0765148000988884,1.595534573656416,0.016632940036325483,1.574721286731295,1.6279124250689687,0.023268261759127173,0.003553696792785228,0.0175562983755359,0.0316358506208938,47.44829857073701,12.751380829009603,33.48166066587328,85.62704234345983,0,0.0,0.0,0.16112516018512965,15,0.75,0.5312991206074114,0.8881382993000237,0,0.0,0.0,0.16112516018512965,20,1.0,0.8388748398148705,1.0000000000000002
0.25,refractory_0.8,selected_mle,20,0.9659041690021111,0.030961868103446144,0.9119971264367815,1.016789516789517,1.9801860994353262,0.05509384876291919,1.8566702624330325,2.0765148000988884,1.595534573656416,0.016632940036325483,1.574721286731295,1.6279124250689687,0.023268261759127173,0.003553696792785228,0.0175562983755359,0.0316358506208938,47.44829857073701,12.751380829009603,33.48166066587328,85.62704234345983,0,0.0,0.0,0.16112516018512965,20,1.0,0.8388748398148705,1.0000000000000002,0,0.0,0.0,0.16112516018512965,20,1.0,0.8388748398148705,1.0000000000000002
0.25,refractory_0.8,selected_regression,20,1.1298057958184051,0.13097143171462772,0.9145496535796768,1.3811379579111458,1.7474828978906651,0.1045804243196669,1.6410645162613058,2.0765148000988884,1.3119849178685417,0.11043062707661942,1.2128025656405494,1.6279124250689687,0.06748996426229817,0.016765590522302132,0.0221061636476564,0.0926401163433115,183.32423710219828,57.008395991728314,44.62169535870635,285.2171652052275,0,0.0,0.0,0.16112516018512965,6,0.3,0.14547724402157294,0.518972820052479,0,0.0,0.0,0.16112516018512965,20,1.0,0.8388748398148705,1.0000000000000002
0.25,refractory_1.0,fixed_10,20,1.4677511381100568,0.06138227766069038,1.3144560357675112,1.5459418070444104,1.3366221017245818,0.03797948757355473,1.2508172711757526,1.382421761921092,1.3401410869313721,0.018234139344674088,1.3082502508572151,1.3682301902799257,0.012272665289300455,0.005411514327103504,0.0047835115298335,0.0265486955519584,-1.9537469883617633,0.16671686133603777,-2.000000000001819,-1.2695726871224906,0,0.0,0.0,0.16112516018512965,0,0.0,0.0,0.16112516018512965,0,0.0,0.0,0.16112516018512965,4,0.2,0.08065766201776073,0.41601743409331715
0.25,refractory_1.0,iei_rounded,20,0.0,0.0,0.0,0.0,3.3450337681043356,0.18867572422116025,3.0361906818400795,3.623641415486544,2.1284650814959014,0.020725939551657538,2.090288781007649,2.1713241743379204,0.07512175360520561,0.002764367095249617,0.070149088546384,0.0792518253897277,994.6962987235065,51.57984208376268,918.7791927961372,1092.2787158606225,0,0.0,0.0,0.16112516018512965,0,0.0,0.0,0.16112516018512965,0,0.0,0.0,0.16112516018512965,20,1.0,0.8388748398148705,1.0000000000000002
0.25,refractory_1.0,selected_mle,20,0.9837217306246892,0.021440216164320753,0.9588235294117649,1.0371501272264632,1.3366221017245818,0.03797948757355473,1.2508172711757526,1.382421761921092,1.3401410869313721,0.018234139344674088,1.3082502508572151,1.3682301902799257,0.012272665289300455,0.005411514327103504,0.0047835115298335,0.0265486955519584,-1.9537469883617633,0.16671686133603777,-2.000000000001819,-1.2695726871224906,17,0.85,0.6395811333571357,0.9476312545132735,20,1.0,0.8388748398148705,1.0000000000000002,15,0.75,0.5312991206074114,0.8881382993000237,5,0.25,0.11186170069997625,0.46870087939258864
0.25,refractory_1.0,selected_regression,20,0.9837217306246892,0.021440216164320753,0.9588235294117649,1.0371501272264632,1.3366221017245818,0.03797948757355473,1.2508172711757526,1.382421761921092,1.3401410869313721,0.018234139344674088,1.3082502508572151,1.3682301902799257,0.012272665289300455,0.005411514327103504,0.0047835115298335,0.0265486955519584,-1.9537469883617633,0.16671686133603777,-2.000000000001819,-1.2695726871224906,17,0.85,0.6395811333571357,0.9476312545132735,20,1.0,0.8388748398148705,1.0000000000000002,15,0.75,0.5312991206074114,0.8881382993000237,5,0.25,0.11186170069997625,0.46870087939258864
0.25,refractory_1.2,fixed_10,20,2.1701802218183937,0.13360745449865885,1.92,2.417094017094017,1.0866206780650005,0.05001112457891294,0.9794603559742432,1.1593078989399666,1.2278836149827497,0.03078682316821728,1.1567881680513017,1.27977662142637,0.03680319229180903,0.008615367021407978,0.0242511930326815,0.054800797827635,-1.9999999999999774,7.87148139294077e-13,-2.000000000001364,-1.999999999998181,0,0.0,0.0,0.16112516018512965,0,0.0,0.0,0.16112516018512965,0,0.0,0.0,0.16112516018512965,19,0.95,0.7638688045357189,0.9911185512976646
0.25,refractory_1.2,iei_rounded,20,0.0,0.0,0.0,0.0,2.8483795436416464,0.17210030205790247,2.5028292681800064,3.139431832408351,1.7353058991946202,0.021753939790088387,1.692979737348848,1.7607439130204323,0.1090729690601164,0.004214748747973637,0.1034323420304048,0.1211486152900483,1365.2318217418801,66.28705650853183,1267.8903887244742,1539.0526645048194,0,0.0,0.0,0.16112516018512965,0,0.0,0.0,0.16112516018512965,0,0.0,0.0,0.16112516018512965,20,1.0,0.8388748398148705,1.0000000000000002
0.25,refractory_1.2,selected_mle,20,1.091075066306531,0.11225776076937634,0.8444444444444444,1.1980582524271846,1.1631443655023708,0.22660760006379826,0.9794603559742432,1.8526712797063916,1.226040762955627,0.03553055939895569,1.1250561956520198,1.27977662142637,0.04173053041376751,0.017145023033332433,0.0242511930326815,0.0886321084604455,21.592551613974024,73.00881920587437,-2.000000000001364,257.22720552527244,0,0.0,0.0,0.16112516018512965,0,0.0,0.0,0.16112516018512965,0,0.0,0.0,0.16112516018512965,19,0.95,0.7638688045357189,0.9911185512976646
0.25,refractory_1.2,selected_regression,20,0.9479793722869095,0.11688270051967838,0.8371939113170086,1.1777777777777778,1.6226104831065846,0.30875363212579654,1.0708475476859498,1.9331743406884747,1.1628212534858744,0.0531748977346316,1.086552096376062,1.27977662142637,0.06995356226823339,0.02195918941725579,0.0255502342404621,0.0886321084604455,152.4163154239753,94.1850542754179,-2.000000000000909,257.22720552527244,0,0.0,0.0,0.16112516018512965,0,0.0,0.0,0.16112516018512965,0,0.0,0.0,0.16112516018512965,20,1.0,0.8388748398148705,1.0000000000000002
0.25,uniform,fixed_10,20,2.2043524603813216,0.08247885441308854,2.0698529411764706,2.332046332046332,0.5254637895586928,0.03588421620999425,0.4788501578521039,0.5825711825575516,0.4123898077818751,0.027643771791090156,0.3710608596630376,0.4640941996073291,0.0722185761394463,0.01168054257109597,0.0539073051177243,0.0931724272098538,38.53797780926652,10.880947858035977,19.889591956823097,58.28845651878146,0,0.0,0.0,0.16112516018512965,0,0.0,0.0,0.16112516018512965,0,0.0,0.0,0.16112516018512965,20,1.0,0.8388748398148705,1.0000000000000002
0.25,uniform,iei_rounded,20,0.9657317040713105,0.1005389484687791,0.8540176693310896,1.1307443365695793,2.368862250953828,0.18104219922065742,2.094434438281501,2.5935294789699035,1.3067959340202784,0.10024481017360108,1.1541965640429286,1.3974456948048743,0.13479501607886585,0.007178268821668333,0.1232369021640026,0.1454404268378944,1061.0512083502988,149.58616879674537,795.728081748146,1267.5085245556163,0,0.0,0.0,0.16112516018512965,0,0.0,0.0,0.16112516018512965,0,0.0,0.0,0.16112516018512965,20,1.0,0.8388748398148705,1.0000000000000002
0.25,uniform,selected_mle,20,0.8894179133863889,0.02122096635367688,0.8540176693310896,0.92082239720035,2.4980462208831336,0.07994320195610659,2.284113896114539,2.635787696758562,1.382349030660827,0.010817014816980292,1.3671473104038243,1.4066874832652356,0.13934151846709286,0.0063003123623494115,0.125466978169972,0.1508290185669197,1171.952996959959,72.29571843643456,1038.4116741244452,1343.3580754004888,0,0.0,0.0,0.16112516018512965,0,0.0,0.0,0.16112516018512965,0,0.0,0.0,0.16112516018512965,20,1.0,0.8388748398148705,1.0000000000000002
0.25,uniform,selected_regression,20,1.3301222690721575,0.034282197498168236,1.2700296735905046,1.3905930470347647,1.705722080688096,0.06397897227708843,1.5879340502173225,1.814763223751457,0.9713821614538576,0.014881612008453378,0.9521199794279857,1.0138876575576798,0.12060258799100412,0.007794503920730805,0.1064071941228199,0.1357548418422645,544.6510974296482,61.099287190449274,462.26565544505866,662.1150994098298,0,0.0,0.0,0.16112516018512965,0,0.0,0.0,0.16112516018512965,0,0.0,0.0,0.16112516018512965,20,1.0,0.8388748398148705,1.0000000000000002
3.0,capped,fixed_10,20,1.4640614709627586,0.03503668621708933,1.407942238267148,1.5312896162268066,1.4911730924865947,0.019040581084913497,1.4615334869898358,1.528860815943925,1.4682421786034805,0.010592515418921655,1.448468374621596,1.4905974858438693,0.005051321457803375,0.001595312388709011,0.0021952517201467,0.0081222545607171,0.750948546798827,2.1768391204138537,-2.000000000014552,5.120139830978587,0,0.0,0.0,0.16112516018512965,0,0.0,0.0,0.16112516018512965,0,0.0,0.0,0.16112516018512965,5,0.25,0.11186170069997625,0.46870087939258864
3.0,capped,iei_rounded,20,0.3717888883975004,0.0037204236930076084,0.3662647353417058,0.3798544395924308,2.132461902296684,0.025040904577783827,2.0955993100478385,2.187052346075944,1.9757437075767128,0.007881051680446524,1.9574533282459488,1.9886253127759077,0.021183454833166443,0.0011236229090982265,0.0193638326671194,0.0230351201340911,427.66198187262637,61.31656435463571,350.62072181358235,572.8208895443822,0,0.0,0.0,0.16112516018512965,0,0.0,0.0,0.16112516018512965,0,0.0,0.0,0.16112516018512965,20,1.0,0.8388748398148705,1.0000000000000002
3.0,capped,selected_mle,20,0.9984797966302994,0.01502574724149343,0.9636393550510036,1.0186181216383947,1.492702996524646,0.01891924304153178,1.4615334869898358,1.528860815943925,1.4716601699129985,0.010773889831713051,1.457910507102843,1.4923263382140617,0.004869616957817215,0.0016048201110769942,0.0021952517201467,0.0076083775221799,0.5732662815251388,2.2849751923395716,-2.000000000014552,5.120139830978587,20,1.0,0.8388748398148705,1.0000000000000002,20,1.0,0.8388748398148705,1.0000000000000002,14,0.7,0.4810271799475211,0.8545227559784271,6,0.3,0.14547724402157294,0.518972820052479
3.0,capped,selected_regression,20,1.003363628530523,0.010123666173763425,0.9818559185859668,1.0186181216383947,1.4911730924865947,0.019040581084913497,1.4615334869898358,1.528860815943925,1.4682421786034805,0.010592515418921655,1.448468374621596,1.4905974858438693,0.005051321457803375,0.001595312388709011,0.0021952517201467,0.0081222545607171,0.750948546798827,2.1768391204138537,-2.000000000014552,5.120139830978587,20,1.0,0.8388748398148705,1.0000000000000002,20,1.0,0.8388748398148705,1.0000000000000002,14,0.7,0.4810271799475211,0.8545227559784271,6,0.3,0.14547724402157294,0.518972820052479
3.0,homogeneous,fixed_10,20,0.15841176339484744,0.000982213119901405,0.1570125219352226,0.1602527556062333,5.395777281817647,0.19568544521335146,4.892691710660258,5.678830518836254,2.9735476577456956,0.004898628202163392,2.963462271831281,2.9798572399543186,0.04109155865167641,0.0004125808484137794,0.0404005489483608,0.0417752029988844,9596.357839665328,156.37399213264985,9331.906275203626,9856.812877949851,0,0.0,0.0,0.16112516018512965,0,0.0,0.0,0.16112516018512965,0,0.0,0.0,0.16112516018512965,20,1.0,0.8388748398148705,1.0000000000000002
3.0,homogeneous,iei_rounded,20,0.8663924171647963,0.006045411043906018,0.853749023691747,0.8757632154634799,3.094289922790685,0.07551333684349404,2.9506335535194315,3.245454640707256,1.3965109173518389,0.003909283768144688,1.3901027551480052,1.402535781912194,0.14000063463829157,0.0009528525307172585,0.1384595277161985,0.1417270080917569,15501.451716690197,173.69368900862517,15189.021775635716,15857.82340973217,0,0.0,0.0,0.16112516018512965,0,0.0,0.0,0.16112516018512965,0,0.0,0.0,0.16112516018512965,20,1.0,0.8388748398148705,1.0000000000000002
3.0,homogeneous,selected_mle,20,0.8663924171647963,0.006045411043906018,0.853749023691747,0.8757632154634799,3.094289922790685,0.07551333684349404,2.9506335535194315,3.245454640707256,1.3965109173518389,0.003909283768144688,1.3901027551480052,1.402535781912194,0.14000063463829157,0.0009528525307172585,0.1384595277161985,0.1417270080917569,15501.451716690197,173.69368900862517,15189.021775635716,15857.82340973217,0,0.0,0.0,0.16112516018512965,0,0.0,0.0,0.16112516018512965,0,0.0,0.0,0.16112516018512965,20,1.0,0.8388748398148705,1.0000000000000002
3.0,homogeneous,selected_regression,20,1.5377176417740457,0.01235962903857692,1.512531328320802,1.5541822721598002,1.1007730707892927,0.01093729595705527,1.0788697275486157,1.1289417902750667,0.7478348692878116,0.005854844517998958,0.7369812123030091,0.7571509526655067,0.09790680628385554,0.002205206783971578,0.093055794543975,0.1011544004284612,2884.7656469029034,111.98283866678571,2698.3811795930524,3159.030962534074,0,0.0,0.0,0.16112516018512965,0,0.0,0.0,0.16112516018512965,0,0.0,0.0,0.16112516018512965,20,1.0,0.8388748398148705,1.0000000000000002
3.0,mixed,fixed_10,20,0.9917394131358479,0.015432092713628078,0.9728423148016494,1.0232974910394266,1.5277746148156262,0.013771102958219537,1.5099227108078066,1.559555458302429,1.2673168772040448,0.00821663542631745,1.248673226974608,1.2807724605949762,0.06600507647436002,0.0030166433952617607,0.0599734172042216,0.071905648489318,624.0353866481958,44.79364736948862,568.0885867901889,737.2700863437858,20,1.0,0.8388748398148705,1.0000000000000002,0,0.0,0.0,0.16112516018512965,0,0.0,0.0,0.16112516018512965,20,1.0,0.8388748398148705,1.0000000000000002
3.0,mixed,iei_rounded,20,0.6429443685849157,0.03331852494613212,0.6025255059374477,0.6861938104655514,1.96288716916272,0.06792070166885751,1.8673580863051504,2.0607586336739048,1.5632915890533006,0.04111188594621939,1.5102354899438897,1.61290710378921,0.06838942860353917,0.0020993031431496964,0.0643720973887017,0.0715789756123578,1741.2501487442532,212.33906118282326,1371.9610304503149,2111.7890018176986,0,0.0,0.0,0.16112516018512965,0,0.0,0.0,0.16112516018512965,0,0.0,0.0,0.16112516018512965,20,1.0,0.8388748398148705,1.0000000000000002
3.0,mixed,selected_mle,20,0.8682273977491188,0.012415468269366736,0.8432671081677704,0.9057672502574664,1.6525523029345977,0.013322164272373383,1.623006648477504,1.6737068589077442,1.3464164109724965,0.008565567298573691,1.329813245090827,1.3607748057288962,0.06830060330839864,0.002178400397815399,0.0638194847585492,0.0722115180574508,887.9940559588125,49.465565088621105,796.4324034198944,953.94401119127,20,1.0,0.8388748398148705,1.0000000000000002,20,1.0,0.8388748398148705,1.0000000000000002,0,0.0,0.0,0.16112516018512965,20,1.0,0.8388748398148705,1.0000000000000002
3.0,mixed,selected_regression,20,0.9917394131358479,0.015432092713628078,0.9728423148016494,1.0232974910394266,1.5277746148156262,0.013771102958219537,1.5099227108078066,1.559555458302429,1.2673168772040448,0.00821663542631745,1.248673226974608,1.2807724605949762,0.06600507647436002,0.0030166433952617607,0.0599734172042216,0.071905648489318,624.0353866481958,44.79364736948862,568.0885867901889,737.2700863437858,20,1.0,0.8388748398148705,1.0000000000000002,0,0.0,0.0,0.16112516018512965,0,0.0,0.0,0.16112516018512965,20,1.0,0.8388748398148705,1.0000000000000002
3.0,refractory_0.8,fixed_10,20,0.9381722963322551,0.014199756415434354,0.9113011036841288,0.9761177100727813,1.9466385842970986,0.012917646811724685,1.923920389342637,1.973244112361464,1.5941504888213391,0.006233550165108972,1.5822487624758867,1.6032579932949478,0.02215693990874145,0.0011723979121815327,0.0201714481842108,0.0246394530600922,574.3327454308121,32.70628501029693,509.5466979491757,624.83497318023,0,0.0,0.0,0.16112516018512965,20,1.0,0.8388748398148705,1.0000000000000002,0,0.0,0.0,0.16112516018512965,20,1.0,0.8388748398148705,1.0000000000000002
3.0,refractory_0.8,iei_rounded,20,0.8542133831172259,0.033294518604595834,0.8002678054429647,0.92232149188116,1.9466385842970986,0.012917646811724685,1.923920389342637,1.973244112361464,1.5941504888213391,0.006233550165108972,1.5822487624758867,1.6032579932949478,0.02215693990874145,0.0011723979121815327,0.0201714481842108,0.0246394530600922,574.3327454308121,32.70628501029693,509.5466979491757,624.83497318023,0,0.0,0.0,0.16112516018512965,20,1.0,0.8388748398148705,1.0000000000000002,0,0.0,0.0,0.16112516018512965,20,1.0,0.8388748398148705,1.0000000000000002
3.0,refractory_0.8,selected_mle,20,0.9430920591146311,0.011479450418802717,0.9291024268895895,0.9761177100727813,1.9466385842970986,0.012917646811724685,1.923920389342637,1.973244112361464,1.5941504888213391,0.006233550165108972,1.5822487624758867,1.6032579932949478,0.02215693990874145,0.0011723979121815327,0.0201714481842108,0.0246394530600922,574.3327454308121,32.70628501029693,509.5466979491757,624.83497318023,0,0.0,0.0,0.16112516018512965,20,1.0,0.8388748398148705,1.0000000000000002,0,0.0,0.0,0.16112516018512965,20,1.0,0.8388748398148705,1.0000000000000002
3.0,refractory_0.8,selected_regression,20,1.1690135535054704,0.055002543902595055,1.06425855513308,1.261494991009504,1.6878163310811254,0.009792283976373913,1.669771488956174,1.7081574091217362,1.2736784371364116,0.009488546287499084,1.2596953049660709,1.291547243730653,0.07341606636559336,0.003836097167930489,0.0640834446340501,0.0788520904967859,2457.0686858525323,183.2338204346176,2019.941413788969,2725.873181870411,10,0.5,0.2992980068701797,0.7007019931298203,0,0.0,0.0,0.16112516018512965,0,0.0,0.0,0.16112516018512965,20,1.0,0.8388748398148705,1.0000000000000002
3.0,refractory_1.0,fixed_10,20,1.4642644825105846,0.01741505888270626,1.432271161417323,1.4889719397132704,1.3173653763275854,0.013121163676508875,1.290573458488979,1.3402491113852923,1.3405480334200885,0.00567850598331478,1.3294392963471309,1.3525138682278293,0.008305264764018966,0.0015408713136322596,0.0049185346516704,0.0114942296225578,-2.0000000000087312,2.3794522056960183e-11,-2.00000000007276,-1.999999999985448,0,0.0,0.0,0.16112516018512965,0,0.0,0.0,0.16112516018512965,0,0.0,0.0,0.16112516018512965,20,1.0,0.8388748398148705,1.0000000000000002
3.0,refractory_1.0,iei_rounded,20,0.0,0.0,0.0,0.0,4.112189170735698,0.22379064568695395,3.566755007329113,4.348392888244725,2.128261262731648,0.00623733431247847,2.118385948562862,2.1413908219672653,0.07479035941076151,0.000993552160270839,0.0734665315898266,0.0764621382240899,11826.552434321628,217.36061665139334,11509.971137387329,12207.727061530575,0,0.0,0.0,0.16112516018512965,0,0.0,0.0,0.16112516018512965,0,0.0,0.0,0.16112516018512965,20,1.0,0.8388748398148705,1.0000000000000002
3.0,refractory_1.0,selected_mle,20,0.9848715652407483,0.017513893481153314,0.96848310785277,1.030860376691131,1.3173653763275854,0.013121163676508875,1.290573458488979,1.3402491113852923,1.3405480334200885,0.00567850598331478,1.3294392963471309,1.3525138682278293,0.008305264764018966,0.0015408713136322596,0.0049185346516704,0.0114942296225578,-2.0000000000087312,2.3794522056960183e-11,-2.00000000007276,-1.999999999985448,18,0.9,0.6989663528135878,0.9721335190383086,20,1.0,0.8388748398148705,1.0000000000000002,0,0.0,0.0,0.16112516018512965,20,1.0,0.8388748398148705,1.0000000000000002
3.0,refractory_1.0,selected_regression,20,0.9848715652407483,0.017513893481153314,0.96848310785277,1.030860376691131,1.3173653763275854,0.013121163676508875,1.290573458488979,1.3402491113852923,1.3405480334200885,0.00567850598331478,1.3294392963471309,1.3525138682278293,0.008305264764018966,0.0015408713136322596,0.0049185346516704,0.0114942296225578,-2.0000000000087312,2.3794522056960183e-11,-2.00000000007276,-1.999999999985448,18,0.9,0.6989663528135878,0.9721335190383086,20,1.0,0.8388748398148705,1.0000000000000002,0,0.0,0.0,0.16112516018512965,20,1.0,0.8388748398148705,1.0000000000000002
3.0,refractory_1.2,fixed_10,20,2.1589235288190753,0.037057982438630926,2.081026875250702,2.2310546596260883,1.0667694208453211,0.011217025962878886,1.0462687410194884,1.0853019106844988,1.2307179845874532,0.006688057388503426,1.2167684957754847,1.2424895095518895,0.030772090481220073,0.0025727387256014003,0.0258620355125518,0.0368072032338918,-2.0000000000032743,1.1437526997142899e-11,-2.000000000021828,-1.999999999978172,0,0.0,0.0,0.16112516018512965,0,0.0,0.0,0.16112516018512965,0,0.0,0.0,0.16112516018512965,20,1.0,0.8388748398148705,1.0000000000000002
3.0,refractory_1.2,iei_rounded,20,0.0,0.0,0.0,0.0,3.600518029304795,0.2437958981064843,3.152316566833227,3.9960317717113454,1.7365905574620828,0.006338314072416147,1.7248853569196978,1.7486906523984889,0.10902591243258161,0.0012439649473074397,0.1064701224686245,0.1116030841358358,16414.44571820764,218.63526807438802,16012.480590131832,16825.89516647809,0,0.0,0.0,0.16112516018512965,0,0.0,0.0,0.16112516018512965,0,0.0,0.0,0.16112516018512965,20,1.0,0.8388748398148705,1.0000000000000002
3.0,refractory_1.2,selected_mle,20,1.1364928127632008,0.04926200957139638,1.0378695333496213,1.1792749544777354,1.0667694208453211,0.011217025962878886,1.0462687410194884,1.0853019106844988,1.2307179845874532,0.006688057388503426,1.2167684957754847,1.2424895095518895,0.030772090481220073,0.0025727387256014003,0.0258620355125518,0.0368072032338918,-2.0000000000032743,1.1437526997142899e-11,-2.000000000021828,-1.999999999978172,0,0.0,0.0,0.16112516018512965,0,0.0,0.0,0.16112516018512965,0,0.0,0.0,0.16112516018512965,20,1.0,0.8388748398148705,1.0000000000000002
3.0,refractory_1.2,selected_regression,20,1.1364928127632008,0.04926200957139638,1.0378695333496213,1.1792749544777354,1.0667694208453211,0.011217025962878886,1.0462687410194884,1.0853019106844988,1.2307179845874532,0.006688057388503426,1.2167684957754847,1.2424895095518895,0.030772090481220073,0.0025727387256014003,0.0258620355125518,0.0368072032338918,-2.0000000000032743,1.1437526997142899e-11,-2.000000000021828,-1.999999999978172,0,0.0,0.0,0.16112516018512965,0,0.0,0.0,0.16112516018512965,0,0.0,0.0,0.16112516018512965,20,1.0,0.8388748398148705,1.0000000000000002
3.0,uniform,fixed_10,20,2.1745076710068574,0.02830920695738369,2.1267735965453425,2.228938302536799,0.507394322539467,0.00917735534204082,0.4915854618138828,0.5246780644429033,0.4124106739903091,0.006169643800954329,0.4019407007014361,0.4259968927555118,0.06252787190608602,0.00243610147875008,0.0572136837114196,0.0656007078345719,469.1279701513475,35.137430750136225,414.45948087337456,523.0656532396315,0,0.0,0.0,0.16112516018512965,0,0.0,0.0,0.16112516018512965,0,0.0,0.0,0.16112516018512965,20,1.0,0.8388748398148705,1.0000000000000002
3.0,uniform,iei_rounded,20,0.9303323392683776,0.08968677206455594,0.8759751805217896,1.11584251619691,2.6977861876978504,0.2546642733597785,2.1965685809642723,2.895337577238657,1.3384206064378052,0.08811128283127864,1.162800976528116,1.3873943757120113,0.13717549967197526,0.005579539895697363,0.1251523486009005,0.1424310005280689,13310.072534237997,1635.0586761016843,10030.148325897751,14557.515600461367,0,0.0,0.0,0.16112516018512965,0,0.0,0.0,0.16112516018512965,0,0.0,0.0,0.16112516018512965,20,1.0,0.8388748398148705,1.0000000000000002
3.0,uniform,selected_mle,20,0.8865466248269218,0.004326726531086219,0.8759751805217896,0.8931406102089856,2.823983938399703,0.041971973079881895,2.7561427130785243,2.905889062722187,1.3820683948531154,0.0037911749665811203,1.373027373295118,1.3887450506884296,0.13965559744445827,0.001599929967076158,0.1347149026968483,0.1424310005280689,14097.049388845242,240.24465273169847,13475.450694666944,14557.515600461367,0,0.0,0.0,0.16112516018512965,0,0.0,0.0,0.16112516018512965,0,0.0,0.0,0.16112516018512965,20,1.0,0.8388748398148705,1.0000000000000002
3.0,uniform,selected_regression,20,1.3180319125302886,0.009397445212632798,1.297223824038224,1.3334997088428584,1.6946994161550766,0.016467785303713695,1.6657443524878957,1.7149363055560591,0.9791370580290362,0.0024810861525538636,0.9737054225517116,0.9826753433731792,0.11816096265327722,0.0019593848794818435,0.1131796181599261,0.1203926683883475,6487.695498182191,157.51488993285315,6167.5082962093,6821.549261002714,0,0.0,0.0,0.16112516018512965,0,0.0,0.0,0.16112516018512965,0,0.0,0.0,0.16112516018512965,20,1.0,0.8388748398148705,1.0000000000000002
