condition,hours,seed,iei_ms,dropped_events,events,span_ms,realized_rate_per_hour,detected_fraction_over_20ms,detected_max_duration_ms,nominal_offspring,actual_offspring,attempted_offspring,generation_limit_hits,generated_cascades,max_generated_duration_ms,generated_fraction_over_20ms,clipped_events
homogeneous,0.25,100,54.10211706102117,79.0,14255,900000,57020.0,,,,,,,,,,
homogeneous,0.25,101,53.28907694495804,75.0,14637,900000,58548.0,,,,,,,,,,
homogeneous,0.25,102,53.936409155937056,87.0,14540,900000,58160.0,,,,,,,,,,
homogeneous,0.25,103,54.01234835355286,73.0,14430,900000,57720.0,,,,,,,,,,
homogeneous,0.25,104,54.35913357400722,62.0,14410,900000,57640.0,,,,,,,,,,
homogeneous,0.25,105,54.048918156161804,71.0,14405,900000,57620.0,,,,,,,,,,
homogeneous,0.25,106,54.38809558502113,71.0,14310,900000,57240.0,,,,,,,,,,
homogeneous,0.25,107,54.79763727849486,82.0,14276,900000,57104.0,,,,,,,,,,
homogeneous,0.25,108,54.464203066242405,76.0,14394,900000,57576.0,,,,,,,,,,
homogeneous,0.25,109,54.45489401721768,68.0,14390,900000,57560.0,,,,,,,,,,
homogeneous,0.25,110,54.12574415565558,58.0,14365,900000,57460.0,,,,,,,,,,
homogeneous,0.25,111,53.943005181347154,74.0,14468,900000,57872.0,,,,,,,,,,
homogeneous,0.25,112,54.27805647126272,75.0,14502,900000,58008.0,,,,,,,,,,
homogeneous,0.25,113,53.58310140583744,77.0,14579,900000,58316.0,,,,,,,,,,
homogeneous,0.25,114,53.928499713138265,69.0,14517,900000,58068.0,,,,,,,,,,
homogeneous,0.25,115,53.54706762630941,74.0,14596,900000,58384.0,,,,,,,,,,
homogeneous,0.25,116,53.438097260564874,77.0,14683,900000,58732.0,,,,,,,,,,
homogeneous,0.25,117,53.337308104248486,81.0,14585,900000,58340.0,,,,,,,,,,
homogeneous,0.25,118,54.37503630554749,79.0,14343,900000,57372.0,,,,,,,,,,
homogeneous,0.25,119,54.52605405405406,89.0,14427,900000,57708.0,,,,,,,,,,
uniform,0.25,100,4.432377511853692,1047.0,13635,900000,54540.0,,,,,,,,,,
uniform,0.25,101,4.464743095201358,1014.0,13308,900000,53232.0,,,,,,,,,,
uniform,0.25,102,4.394812462189957,1057.0,13571,900000,54284.0,,,,,,,,,,
uniform,0.25,103,4.50488229505715,1000.0,13558,900000,54232.0,,,,,,,,,,
uniform,0.25,104,4.448244344580699,1046.0,13479,900000,53916.0,,,,,,,,,,
uniform,0.25,105,4.394309559939302,1026.0,13526,900000,54104.0,,,,,,,,,,
uniform,0.25,106,4.423587786259542,1096.0,13447,900000,53788.0,,,,,,,,,,
uniform,0.25,107,4.526155021000382,1069.0,13447,900000,53788.0,,,,,,,,,,
uniform,0.25,108,4.457988614800759,1023.0,13528,900000,54112.0,,,,,,,,,,
uniform,0.25,109,4.431650293199299,1066.0,13480,900000,53920.0,,,,,,,,,,
uniform,0.25,110,4.505206324720401,1037.0,13322,900000,53288.0,,,,,,,,,,
uniform,0.25,111,4.419107020613068,998.0,13495,900000,53980.0,,,,,,,,,,
uniform,0.25,112,4.57478254175968,964.0,13349,900000,53396.0,,,,,,,,,,
uniform,0.25,113,4.415543883687295,996.0,13495,900000,53980.0,,,,,,,,,,
uniform,0.25,114,4.516346810285975,1039.0,13521,900000,54084.0,,,,,,,,,,
uniform,0.25,115,4.566615737203972,1057.0,13430,900000,53720.0,,,,,,,,,,
uniform,0.25,116,4.478926319027842,1042.0,13340,900000,53360.0,,,,,,,,,,
uniform,0.25,117,4.591372489348752,1072.0,13491,900000,53964.0,,,,,,,,,,
uniform,0.25,118,4.491886563542614,1098.0,13536,900000,54144.0,,,,,,,,,,
uniform,0.25,119,4.382610017481189,1090.0,13504,900000,54016.0,,,,,,,,,,
mixed,0.25,100,4.4326947001741726,1889.0,12408,900000,49632.0,,,,,,,,,,
mixed,0.25,101,4.470980595980596,1662.0,11888,900000,47552.0,,,,,,,,,,
mixed,0.25,102,4.628044596912521,2150.0,12012,900000,48048.0,,,,,,,,,,
mixed,0.25,103,4.321969080553296,2263.0,12642,900000,50568.0,,,,,,,,,,
mixed,0.25,104,4.282730796614192,2149.0,12989,900000,51956.0,,,,,,,,,,
mixed,0.25,105,4.219178082191781,2420.0,13126,900000,52504.0,,,,,,,,,,
mixed,0.25,106,4.4925545043192106,2369.0,12505,900000,50020.0,,,,,,,,,,
mixed,0.25,107,4.530332029624699,1924.0,12362,900000,49448.0,,,,,,,,,,
mixed,0.25,108,3.9765172084831586,2799.0,13984,900000,55936.0,,,,,,,,,,
mixed,0.25,109,4.8713025904831895,1463.0,11231,900000,44924.0,,,,,,,,,,
mixed,0.25,110,4.297057893071813,2405.0,12981,900000,51924.0,,,,,,,,,,
mixed,0.25,111,4.510064908388793,2057.0,12513,900000,50052.0,,,,,,,,,,
mixed,0.25,112,4.464657308009909,1984.0,12455,900000,49820.0,,,,,,,,,,
mixed,0.25,113,4.234326505276226,2826.0,13237,900000,52948.0,,,,,,,,,,
mixed,0.25,114,4.393874643874644,2388.0,12982,900000,51928.0,,,,,,,,,,
mixed,0.25,115,4.781041629122364,1534.0,11451,900000,45804.0,,,,,,,,,,
mixed,0.25,116,4.957115715190446,1473.0,11398,900000,45592.0,,,,,,,,,,
mixed,0.25,117,4.289428615911568,2678.0,13202,900000,52808.0,,,,,,,,,,
mixed,0.25,118,4.246407826352797,2343.0,13426,900000,53704.0,,,,,,,,,,
mixed,0.25,119,4.4542922258799695,1802.0,12200,900000,48800.0,,,,,,,,,,
capped,0.25,100,1.2615512173060979,0.0,14557,900000,58228.0,0.2496124031007752,100.0,,,,,,,,
capped,0.25,101,1.2754558415247244,0.0,14510,901180,57964.002751947446,0.27557058326289097,108.0,,,,,,,,
capped,0.25,102,1.3048301886792453,0.0,14511,900720,57997.601918465225,0.2616970658207772,108.0,,,,,,,,
capped,0.25,103,1.3013626439810284,0.0,14515,900000,58060.0,0.27435064935064934,108.0,,,,,,,,
capped,0.25,104,1.22507677327541,0.0,14551,900000,58204.0,0.2658333333333333,96.0,,,,,,,,
capped,0.25,105,1.278061224489796,0.0,14545,900000,58180.0,0.2752670501232539,88.0,,,,,,,,
capped,0.25,106,1.2936035560913133,0.0,14520,900000,58080.0,0.2734562951082598,100.0,,,,,,,,
capped,0.25,107,1.2918264531167758,0.0,14554,903001,58022.52710683599,0.2685258964143426,96.0,,,,,,,,
capped,0.25,108,1.3264841913715975,0.0,14529,901232,58036.55440552488,0.25970149253731345,104.0,,,,,,,,
capped,0.25,109,1.2746261928018634,0.0,14512,900000,58048.0,0.2709891936824605,116.0,,,,,,,,
capped,0.25,110,1.282333558001947,0.0,14525,900000,58100.0,0.2858361774744027,112.0,,,,,,,,
capped,0.25,111,1.2619029766814127,0.0,14533,900000,58132.0,0.26505016722408026,96.0,,,,,,,,
capped,0.25,112,1.288828543411028,0.0,14510,902656,57869.221497447536,0.266560255387071,96.0,,,,,,,,
capped,0.25,113,1.322536908707442,0.0,14517,900000,58068.0,0.28041901692183724,100.0,,,,,,,,
capped,0.25,114,1.3192857683286676,0.0,14528,900286,58093.53916422115,0.2517162471395881,104.0,,,,,,,,
capped,0.25,115,1.28306299509619,0.0,14510,900052,58036.64677151987,0.26693227091633465,100.0,,,,,,,,
capped,0.25,116,1.3045118454806097,0.0,14527,900000,58108.0,0.25923016496465046,104.0,,,,,,,,
capped,0.25,117,1.3070789137139849,0.0,14541,900000,58164.0,0.27003205128205127,112.0,,,,,,,,
capped,0.25,118,1.3170713316241893,0.0,14559,900756,58187.12281683386,0.26676946800308404,100.0,,,,,,,,
capped,0.25,119,1.2834184439771703,0.0,14513,900000,58052.0,0.27736006683375103,100.0,,,,,,,,
refractory_0.8,0.25,100,17.16064605765891,,14522,900000,58088.0,0.09817351598173515,84.0,0.8,0.7285497865307808,0.8034705963365928,0.0,3942.0,84.0,0.09817351598173515,0.0
refractory_0.8,0.25,101,13.621590608173713,,14500,900000,58000.0,0.10705973622963538,92.0,0.8,0.7333103448275862,0.8068965517241379,0.0,3867.0,92.0,0.10705973622963538,0.0
refractory_0.8,0.25,102,15.257372888772206,,14521,900000,58084.0,0.10110341288170388,88.0,0.8,0.7316300530266511,0.8038702568693616,0.0,3897.0,88.0,0.10110341288170388,0.0
refractory_0.8,0.25,103,21.87101734005296,,14500,900000,58000.0,0.09575518262586377,76.0,0.8,0.720551724137931,0.7897241379310345,0.0,4052.0,76.0,0.09575518262586377,0.0
refractory_0.8,0.25,104,14.47777582572031,,14512,900000,58048.0,0.11002318989951043,88.0,0.8,0.7325661521499449,0.8023015435501654,0.0,3881.0,88.0,0.11002318989951043,0.0
refractory_0.8,0.25,105,17.115766550522647,,14508,900000,58032.0,0.10495700556398584,96.0,0.8,0.7274607113316791,0.800799558864075,0.0,3954.0,96.0,0.10495700556398584,0.0
refractory_0.8,0.25,106,14.133896366675463,,14505,900000,58020.0,0.11148473874806002,80.0,0.8,0.7334712168217856,0.8056532230265425,0.0,3866.0,80.0,0.11148473874806002,0.0
refractory_0.8,0.25,107,13.98565898293155,,14500,900000,58000.0,0.10474462017111745,92.0,0.8,0.734,0.8042758620689655,0.0,3857.0,92.0,0.10474462017111745,0.0
refractory_0.8,0.25,108,23.48828690689156,,14475,900000,57900.0,0.09907497565725414,80.0,0.8,0.71642305570877,0.7890926640926641,0.0,4113.0,80.0,0.09919766593727207,29.0
refractory_0.8,0.25,109,15.258608573436401,,14485,900000,57940.0,0.09938524590163934,104.0,0.8,0.7306631738590927,0.8111126430442576,0.0,3907.0,104.0,0.09956488354235987,21.0
refractory_0.8,0.25,110,16.775023998603718,,14493,900000,57972.0,0.11037807663029688,84.0,0.8,0.7280562642211956,0.8013514445287182,0.0,3944.0,84.0,0.11029411764705882,10.0
refractory_0.8,0.25,111,18.21059027777778,,14492,900000,57968.0,0.10075566750629723,88.0,0.8,0.7260878560099303,0.7960830287566375,0.0,3972.0,88.0,0.10070493454179255,9.0
refractory_0.8,0.25,112,18.01166840822013,,14473,900000,57892.0,0.1015330485046494,96.0,0.8,0.7254618141714916,0.7974910394265233,0.0,3983.0,96.0,0.10193321616871705,35.0
refractory_0.8,0.25,113,22.58610400682012,,14502,900000,58008.0,0.09585682765383673,68.0,0.8,0.7187284512481037,0.7904426975589574,0.0,4079.0,68.0,0.09585682765383673,0.0
refractory_0.8,0.25,114,24.45621181262729,,14481,900000,57924.0,0.09407496977025392,80.0,0.8,0.7142068965517241,0.7872413793103449,0.0,4144.0,80.0,0.09387065637065638,19.0
refractory_0.8,0.25,115,21.372661747039643,,14484,900000,57936.0,0.10024691358024691,64.0,0.8,0.7205902634119432,0.791890773686388,0.0,4052.0,64.0,0.10044422507403751,18.0
refractory_0.8,0.25,116,13.104300980305572,,14504,900000,58016.0,0.10954983086130628,88.0,0.8,0.73503861003861,0.8079150579150579,0.0,3843.0,88.0,0.10954983086130628,0.0
refractory_0.8,0.25,117,17.65410064426258,,14492,900000,57968.0,0.10544904137235116,112.0,0.8,0.7266082879404261,0.7978349307039923,0.0,3965.0,112.0,0.10542244640605296,11.0
refractory_0.8,0.25,118,19.37372779023633,,14501,900000,58004.0,0.09742048585023792,84.0,0.8,0.7246396800220675,0.8031170264119716,0.0,3993.0,84.0,0.09742048585023792,0.0
refractory_0.8,0.25,119,16.063389504933205,,14508,900000,58032.0,0.10252486610558531,80.0,0.8,0.7297353184449958,0.8014199062586159,0.0,3921.0,80.0,0.10252486610558531,0.0
refractory_1.0,0.25,100,1.8546746326497658,,14501,900000,58004.0,0.21749408983451538,112.0,1.0,0.8541479897938073,1.0075167229846218,0.0,2115.0,112.0,0.21749408983451538,0.0
refractory_1.0,0.25,101,1.8783707182767835,,14499,900000,57996.0,0.21674418604651163,112.0,1.0,0.851696083838941,1.0014478764478765,0.0,2151.0,112.0,0.21664342166434217,5.0
refractory_1.0,0.25,102,1.880611581001952,,14495,900000,57980.0,0.208731241473397,224.0,1.0,0.8482905982905983,0.9906258615936036,0.0,2201.0,224.0,0.20899591094956838,13.0
refractory_1.0,0.25,103,1.9251617129288463,,14478,900000,57912.0,0.211037527593819,116.0,1.0,0.8438490150158424,0.9840887174541948,0.0,2267.0,116.0,0.2112924569916189,40.0
refractory_1.0,0.25,104,1.8800966962127317,,14516,900000,58064.0,0.22697056030389365,132.0,1.0,0.8549187103885368,1.0090245246624414,0.0,2106.0,132.0,0.22697056030389365,0.0
refractory_1.0,0.25,105,1.842685695750892,,14509,900000,58036.0,0.21773082223242995,104.0,1.0,0.8499552002205527,1.00241229581639,0.0,2177.0,104.0,0.21773082223242995,0.0
refractory_1.0,0.25,106,1.892024139618333,,14502,900000,58008.0,0.209375,112.0,1.0,0.8455385464073921,0.9953109915873672,0.0,2240.0,112.0,0.209375,0.0
refractory_1.0,0.25,107,1.8552470894732558,,14483,900000,57932.0,0.205,128.0,1.0,0.8481866354689973,1.0005505471061868,0.0,2206.0,128.0,0.20489573889392565,48.0
refractory_1.0,0.25,108,1.8859364873622813,,14505,900000,58020.0,0.22397038408144376,100.0,1.0,0.8510168907273354,0.9948293691830403,0.0,2161.0,100.0,0.22397038408144376,0.0
refractory_1.0,0.25,109,1.8098318240620956,,14482,900000,57928.0,0.21570482497634816,124.0,1.0,0.8538620689655172,1.0073103448275862,0.0,2119.0,124.0,0.21566776781500707,18.0
refractory_1.0,0.25,110,1.8823338472774487,,14502,900000,58008.0,0.21936668196420375,116.0,1.0,0.8497448627775479,0.9957936836298441,0.0,2179.0,116.0,0.21936668196420375,0.0
refractory_1.0,0.25,111,1.9103843008994277,,14440,900000,57760.0,0.2072398190045249,128.0,1.0,0.8471293679784961,0.9967606313322765,0.0,2218.0,128.0,0.20784490532010821,69.0
refractory_1.0,0.25,112,1.8851924331376386,,14501,900000,58004.0,0.19445686186857397,144.0,1.0,0.8457347769119371,0.9902075718915937,0.0,2237.0,144.0,0.19445686186857397,0.0
refractory_1.0,0.25,113,1.8547971667739858,,14507,900000,58028.0,0.22899663946231397,124.0,1.0,0.8564141448955677,1.0054456469290687,0.0,2083.0,124.0,0.22899663946231397,0.0
refractory_1.0,0.25,114,1.8753853642706475,,14500,900000,58000.0,0.21573137074517018,128.0,1.0,0.8500689655172414,0.9988275862068966,0.0,2174.0,128.0,0.21573137074517018,0.0
refractory_1.0,0.25,115,1.908131796786236,,14502,900000,58008.0,0.21376146788990827,120.0,1.0,0.8496759067714797,0.9928975313749827,0.0,2180.0,120.0,0.21376146788990827,0.0
refractory_1.0,0.25,116,1.8548478243319608,,14517,900000,58068.0,0.223943661971831,108.0,1.0,0.8532754701384584,1.0015843493834815,0.0,2130.0,108.0,0.223943661971831,0.0
refractory_1.0,0.25,117,1.9143182928815767,,14465,900000,57860.0,0.20941929583904892,128.0,1.0,0.8489655172413794,0.9922758620689656,0.0,2190.0,128.0,0.2095890410958904,35.0
refractory_1.0,0.25,118,1.8422071636011617,,14489,900000,57956.0,0.22312470138557094,136.0,1.0,0.8558049855391819,1.0177661479135105,0.0,2094.0,136.0,0.22349570200573066,33.0
refractory_1.0,0.25,119,1.899894197118906,,14500,900000,58000.0,0.21192950745594216,144.0,1.0,0.8473793103448276,0.9957931034482759,0.0,2213.0,144.0,0.21192950745594216,0.0
refractory_1.2,0.25,100,1.4281477087349845,,14512,900000,58048.0,0.35964912280701755,184.0,1.2,0.9292998897464168,1.2085170893054025,0.0,1026.0,184.0,0.35964912280701755,0.0
refractory_1.2,0.25,101,1.4077303968664547,,14477,900000,57908.0,0.38266384778012685,204.0,1.2,0.9347796143250688,1.2199724517906336,0.0,947.0,204.0,0.3833157338965153,43.0
refractory_1.2,0.25,102,1.4578411707896888,,14524,900000,58096.0,0.3433678269049859,224.0,1.2,0.9268107959239879,1.2017350592123381,0.0,1063.0,224.0,0.3433678269049859,0.0
refractory_1.2,0.25,103,1.446727045136588,,14579,900000,58316.0,0.3717434869739479,152.0,1.2,0.9315453734824062,1.204540777831127,0.0,998.0,152.0,0.3717434869739479,0.0
refractory_1.2,0.25,104,1.4559785841760857,,14522,900000,58088.0,0.35940409683426444,168.0,1.2,0.9260432447321305,1.2058256438507093,0.0,1074.0,168.0,0.35940409683426444,0.0
refractory_1.2,0.25,105,1.4348989298454222,,14519,900000,58076.0,0.3339604891815616,172.0,1.2,0.9267855912941663,1.1907156140230044,0.0,1063.0,172.0,0.3339604891815616,0.0
refractory_1.2,0.25,106,1.4368209554993303,,14473,900000,57892.0,0.34492753623188405,260.0,1.2,0.9285960201060387,1.2019555188321973,0.0,1037.0,260.0,0.3452266152362584,50.0
refractory_1.2,0.25,107,1.424026167112697,,14464,900000,57856.0,0.36363636363636365,168.0,1.2,0.9304544830427022,1.2013593299464507,0.0,1013.0,168.0,0.36426456071076013,102.0
refractory_1.2,0.25,108,1.4752069196927895,,14515,900000,58060.0,0.3605072463768116,136.0,1.2,0.9239407509472959,1.1829831209094042,0.0,1104.0,136.0,0.3605072463768116,0.0
refractory_1.2,0.25,109,1.3971306019819554,,14497,900000,57988.0,0.35384615384615387,220.0,1.2,0.932754581783106,1.2165495383767397,0.0,976.0,220.0,0.35450819672131145,17.0
refractory_1.2,0.25,110,1.4457795579290906,,14530,900000,58120.0,0.35591603053435117,172.0,1.2,0.9278733654507915,1.1935306262904335,0.0,1048.0,172.0,0.35591603053435117,0.0
refractory_1.2,0.25,111,1.466566265060241,,14362,900000,57448.0,0.33548983364140483,188.0,1.2,0.9253206454282168,1.189904840711626,0.0,1083.0,188.0,0.3361034164358264,140.0
refractory_1.2,0.25,112,1.445453192439351,,14468,900000,57872.0,0.34757281553398056,204.0,1.2,0.9288913387996969,1.204161785984979,0.0,1032.0,204.0,0.3488372093023256,45.0
refractory_1.2,0.25,113,1.469302499067512,,14476,900000,57904.0,0.3492063492063492,188.0,1.2,0.9261046391397256,1.19039084579858,0.0,1072.0,188.0,0.3498134328358209,31.0
refractory_1.2,0.25,114,1.4627600089465445,,14501,900000,58004.0,0.3538602941176471,144.0,1.2,0.9249706916764361,1.1875732708089097,0.0,1088.0,144.0,0.3538602941176471,0.0
refractory_1.2,0.25,115,1.463775623473692,,14542,900000,58168.0,0.3488824101068999,200.0,1.2,0.9292394443680374,1.1944711869068905,0.0,1029.0,200.0,0.3488824101068999,0.0
refractory_1.2,0.25,116,1.416431436636458,,14500,900000,58000.0,0.3535645472061657,196.0,1.2,0.9284137931034483,1.2048275862068965,0.0,1038.0,196.0,0.3535645472061657,0.0
refractory_1.2,0.25,117,1.460970700067099,,14517,900000,58068.0,0.3333333333333333,212.0,1.2,0.9239512295928911,1.1945994351450024,0.0,1104.0,212.0,0.3333333333333333,0.0
refractory_1.2,0.25,118,1.3953899403490684,,14491,900000,57964.0,0.3881578947368421,180.0,1.2,0.9370692031982355,1.2147780534877308,0.0,913.0,180.0,0.3888280394304491,17.0
refractory_1.2,0.25,119,1.4578857693162457,,14501,900000,58004.0,0.3902195608782435,236.0,1.2,0.9309013171505414,1.1961244052134337,0.0,1002.0,236.0,0.3902195608782435,0.0
homogeneous,3.0,100,54.257058003295846,950.0,172561,10800000,57520.333333333336,,,,,,,,,,
homogeneous,3.0,101,54.001730580373184,892.0,173774,10800000,57924.666666666664,,,,,,,,,,
homogeneous,3.0,102,54.275407896563586,871.0,172561,10800000,57520.333333333336,,,,,,,,,,
homogeneous,3.0,103,53.934153635512,901.0,173479,10800000,57826.333333333336,,,,,,,,,,
homogeneous,3.0,104,54.00625825033001,916.0,173528,10800000,57842.666666666664,,,,,,,,,,
homogeneous,3.0,105,53.8972299318423,898.0,173688,10800000,57896.0,,,,,,,,,,
homogeneous,3.0,106,53.983495640188174,941.0,173678,10800000,57892.666666666664,,,,,,,,,,
homogeneous,3.0,107,54.03286901711715,989.0,173173,10800000,57724.333333333336,,,,,,,,,,
homogeneous,3.0,108,54.18354048509714,920.0,172675,10800000,57558.333333333336,,,,,,,,,,
homogeneous,3.0,109,54.09136129595616,908.0,172963,10800000,57654.333333333336,,,,,,,,,,
homogeneous,3.0,110,54.082625041354625,969.0,173161,10800000,57720.333333333336,,,,,,,,,,
homogeneous,3.0,111,54.21470806733144,916.0,172518,10800000,57506.0,,,,,,,,,,
homogeneous,3.0,112,53.86206257436161,890.0,174084,10800000,58028.0,,,,,,,,,,
homogeneous,3.0,113,54.140824136810565,959.0,173051,10800000,57683.666666666664,,,,,,,,,,
homogeneous,3.0,114,53.86769190294536,911.0,174049,10800000,58016.333333333336,,,,,,,,,,
homogeneous,3.0,115,54.06858863045059,878.0,173287,10800000,57762.333333333336,,,,,,,,,,
homogeneous,3.0,116,54.275389219746664,897.0,172299,10800000,57433.0,,,,,,,,,,
homogeneous,3.0,117,54.20343315630244,882.0,173062,10800000,57687.333333333336,,,,,,,,,,
homogeneous,3.0,118,54.095402998018585,880.0,172971,10800000,57657.0,,,,,,,,,,
homogeneous,3.0,119,54.29114604407351,884.0,172448,10800000,57482.666666666664,,,,,,,,,,
uniform,3.0,100,4.512880949954133,12571.0,161115,10800000,53705.0,,,,,,,,,,
uniform,3.0,101,4.493490748674982,12439.0,161685,10800000,53895.0,,,,,,,,,,
uniform,3.0,102,4.469958335450435,12388.0,161614,10800000,53871.333333333336,,,,,,,,,,
uniform,3.0,103,4.477324032974002,12666.0,161894,10800000,53964.666666666664,,,,,,,,,,
uniform,3.0,104,4.504536165173711,12546.0,161270,10800000,53756.666666666664,,,,,,,,,,
uniform,3.0,105,4.460395568717224,12447.0,161896,10800000,53965.333333333336,,,,,,,,,,
uniform,3.0,106,4.489438717938965,12638.0,161933,10800000,53977.666666666664,,,,,,,,,,
uniform,3.0,107,4.472958938115865,12456.0,162097,10800000,54032.333333333336,,,,,,,,,,
uniform,3.0,108,4.494845032977796,12332.0,161396,10800000,53798.666666666664,,,,,,,,,,
uniform,3.0,109,4.505309503661617,12320.0,161362,10800000,53787.333333333336,,,,,,,,,,
uniform,3.0,110,4.473315042801112,12474.0,161999,10800000,53999.666666666664,,,,,,,,,,
uniform,3.0,111,4.524877596509834,12466.0,161646,10800000,53882.0,,,,,,,,,,
uniform,3.0,112,4.477904408965149,12334.0,161762,10800000,53920.666666666664,,,,,,,,,,
uniform,3.0,113,4.471305672835783,12396.0,161703,10800000,53901.0,,,,,,,,,,
uniform,3.0,114,4.488183544303798,12416.0,162178,10800000,54059.333333333336,,,,,,,,,,
uniform,3.0,115,4.473051417526593,12608.0,161488,10800000,53829.333333333336,,,,,,,,,,
uniform,3.0,116,4.466623823673511,12419.0,161364,10800000,53788.0,,,,,,,,,,
uniform,3.0,117,4.465502449812213,12369.0,161547,10800000,53849.0,,,,,,,,,,
uniform,3.0,118,4.466227640829403,12505.0,161493,10800000,53831.0,,,,,,,,,,
uniform,3.0,119,4.446555623839784,12435.0,162033,10800000,54011.0,,,,,,,,,,
mixed,3.0,100,4.425828243884131,25990.0,150768,10800000,50256.0,,,,,,,,,,
mixed,3.0,101,4.545228256730647,23048.0,146013,10800000,48671.0,,,,,,,,,,
mixed,3.0,102,4.503152115919239,24710.0,146612,10800000,48870.666666666664,,,,,,,,,,
mixed,3.0,103,4.607848013129756,22318.0,144909,10800000,48303.0,,,,,,,,,,
mixed,3.0,104,4.564937800117941,24329.0,146646,10800000,48882.0,,,,,,,,,,
mixed,3.0,105,4.397550111358575,27001.0,151436,10800000,50478.666666666664,,,,,,,,,,
mixed,3.0,106,4.401109019479456,26540.0,150793,10800000,50264.333333333336,,,,,,,,,,
mixed,3.0,107,4.554397545425117,23919.0,146314,10800000,48771.333333333336,,,,,,,,,,
mixed,3.0,108,4.467082961641392,26525.0,149884,10800000,49961.333333333336,,,,,,,,,,
mixed,3.0,109,4.552692407069882,24247.0,147403,10800000,49134.333333333336,,,,,,,,,,
mixed,3.0,110,4.517468905909634,25470.0,146486,10800000,48828.666666666664,,,,,,,,,,
mixed,3.0,111,4.512170767812753,24541.0,147402,10800000,49134.0,,,,,,,,,,
mixed,3.0,112,4.4457814756240115,25200.0,149666,10800000,49888.666666666664,,,,,,,,,,
mixed,3.0,113,4.42668888934057,26086.0,151799,10800000,50599.666666666664,,,,,,,,,,
mixed,3.0,114,4.437849713363771,25622.0,149873,10800000,49957.666666666664,,,,,,,,,,
mixed,3.0,115,4.441474038236226,26759.0,149292,10800000,49764.0,,,,,,,,,,
mixed,3.0,116,4.636424230262026,22311.0,143716,10800000,47905.333333333336,,,,,,,,,,
mixed,3.0,117,4.515894889650965,24622.0,146761,10800000,48920.333333333336,,,,,,,,,,
mixed,3.0,118,4.468144196661809,24311.0,149640,10800000,49880.0,,,,,,,,,,
mixed,3.0,119,4.463877567880156,25009.0,149408,10800000,49802.666666666664,,,,,,,,,,
capped,3.0,100,1.2953549076956945,0.0,174005,10800344,57999.819265016005,0.2643142476697736,112.0,,,,,,,,
capped,3.0,101,1.2862704044532485,0.0,174026,10800000,58008.666666666664,0.275755068266446,128.0,,,,,,,,
capped,3.0,102,1.3003577333911742,0.0,174000,10801522,57991.827448020755,0.26795154922037073,128.0,,,,,,,,
capped,3.0,103,1.2841108713109817,0.0,174019,10800000,58006.333333333336,0.2730566760101183,120.0,,,,,,,,
capped,3.0,104,1.2572292891903571,0.0,174030,10800303,58008.372542881436,0.27152502262128486,120.0,,,,,,,,
capped,3.0,105,1.294781887418467,0.0,174022,10800000,58007.333333333336,0.2709621069604945,128.0,,,,,,,,
capped,3.0,106,1.2940732826346553,0.0,174055,10806296,57984.53049962725,0.2685178989628638,116.0,,,,,,,,
capped,3.0,107,1.2977493133551634,0.0,174043,10803864,57993.58451753928,0.26466256025709695,112.0,,,,,,,,
capped,3.0,108,1.297442443984681,0.0,174006,10800000,58002.0,0.26789884566624406,116.0,,,,,,,,
capped,3.0,109,1.2968550772883443,0.0,174005,10809867,57948.72406848299,0.26797783184644497,116.0,,,,,,,,
capped,3.0,110,1.2968886651775884,0.0,174005,10800000,58001.666666666664,0.2690112806901128,112.0,,,,,,,,
capped,3.0,111,1.2983232080817726,0.0,174005,10800000,58001.666666666664,0.2700242718446602,116.0,,,,,,,,
capped,3.0,112,1.296099190398007,0.0,174029,10800000,58009.666666666664,0.26430752888062675,112.0,,,,,,,,
capped,3.0,113,1.2910041289642449,0.0,174055,10800000,58018.333333333336,0.27305519635200437,116.0,,,,,,,,
capped,3.0,114,1.2708473193838818,0.0,174008,10800000,58002.666666666664,0.2688230869178691,120.0,,,,,,,,
capped,3.0,115,1.2954525452922465,0.0,174014,10808342,57959.89801210954,0.2643947509373326,124.0,,,,,,,,
capped,3.0,116,1.284445365121812,0.0,174047,10800000,58015.666666666664,0.2673629951166576,116.0,,,,,,,,
capped,3.0,117,1.2850006920241075,0.0,174052,10802260,58005.195209150676,0.26142535435156977,120.0,,,,,,,,
capped,3.0,118,1.2891740931341784,0.0,174010,10800000,58003.333333333336,0.2715746421267894,136.0,,,,,,,,
capped,3.0,119,1.3061160428411787,0.0,174036,10800256,58010.62493333491,0.2741016949152542,112.0,,,,,,,,
refractory_0.8,3.0,100,16.910374543284277,,173855,10800000,57951.666666666664,0.10267122420559564,112.0,0.8,0.7274252873563218,0.8002126436781609,0.0,47428.0,112.0,0.10268196002361474,145.0
refractory_0.8,3.0,101,15.395903163009908,,173835,10800000,57945.0,0.10519582969106454,116.0,0.8,0.7302011494252874,0.8034367816091954,0.0,46945.0,116.0,0.10518692086484184,165.0
refractory_0.8,3.0,102,17.64229312121696,,173865,10800000,57955.0,0.10207681485059113,120.0,0.8,0.7261091954022989,0.7980229885057472,0.0,47657.0,120.0,0.10210462261577523,135.0
refractory_0.8,3.0,103,17.49184111959583,,173914,10800000,57971.333333333336,0.10176191076910138,104.0,0.8,0.7264498479893794,0.799702300561491,0.0,47598.0,104.0,0.101705954031682,87.0
refractory_0.8,3.0,104,15.694929240116254,,173957,10800000,57985.666666666664,0.10471204188481675,104.0,0.8,0.7298808627536624,0.8024551583036879,0.0,47001.0,104.0,0.1047211761451884,44.0
refractory_0.8,3.0,105,18.092205667289285,,174000,10800000,58000.0,0.10201946217432249,120.0,0.8,0.7253735632183909,0.7980862068965517,0.0,47785.0,120.0,0.10201946217432249,0.0
refractory_0.8,3.0,106,18.485731628885052,,174008,10800000,58002.666666666664,0.1011447192513369,112.0,0.8,0.724886212128178,0.7971300170107122,0.0,47872.0,112.0,0.1011447192513369,0.0
refractory_0.8,3.0,107,18.59794552236648,,173928,10800000,57976.0,0.10009180820431499,112.0,0.8,0.7244734346714174,0.7960633315134622,0.0,47943.0,112.0,0.10013974928561,77.0
refractory_0.8,3.0,108,18.39018284167951,,173896,10800000,57965.333333333336,0.10121846719752545,116.0,0.8,0.7248517309548986,0.7967564709668521,0.0,47878.0,116.0,0.10123647604327667,112.0
refractory_0.8,3.0,109,17.54420031771132,,174016,10800000,58005.333333333336,0.10168139549528747,104.0,0.8,0.7262378172122104,0.8003459452004413,0.0,47639.0,104.0,0.10168139549528747,0.0
refractory_0.8,3.0,110,17.004607424202785,,174001,10800000,58000.333333333336,0.10353987898210032,120.0,0.8,0.7274096125884334,0.8013229809024086,0.0,47431.0,120.0,0.10353987898210032,0.0
refractory_0.8,3.0,111,16.87215508340241,,174000,10800000,58000.0,0.10302928022951649,92.0,0.8,0.7275632183908046,0.8006954022988506,0.0,47404.0,92.0,0.10302928022951649,0.0
refractory_0.8,3.0,112,18.15821126679018,,174002,10800000,58000.666666666664,0.10124092326364911,96.0,0.8,0.7253652256870611,0.7971172745140861,0.0,47787.0,96.0,0.10124092326364911,0.0
refractory_0.8,3.0,113,18.231197348232637,,173967,10800000,57989.0,0.09992892085127733,128.0,0.8,0.7250063216937541,0.7979586676168364,0.0,47850.0,128.0,0.09989550679205851,37.0
refractory_0.8,3.0,114,15.39175061775328,,173969,10800000,57989.666666666664,0.1059362677182138,104.0,0.8,0.730309247541709,0.8036930397751763,0.0,46927.0,104.0,0.10590917808511091,34.0
refractory_0.8,3.0,115,18.808782861722637,,173989,10800000,57996.333333333336,0.09962077012835473,108.0,0.8,0.7241682519065983,0.7966563410555112,0.0,47995.0,108.0,0.09961454318158142,12.0
refractory_0.8,3.0,116,17.38926335362222,,173870,10800000,57956.666666666664,0.10390703940720782,96.0,0.8,0.7267831794070149,0.7981505853414635,0.0,47540.0,96.0,0.10391249474127051,131.0
refractory_0.8,3.0,117,17.460095191107758,,173963,10800000,57987.666666666664,0.10200391109615829,116.0,0.8,0.7266008436684636,0.7988126573257779,0.0,47572.0,116.0,0.10201378962414866,39.0
refractory_0.8,3.0,118,16.563200570646636,,174000,10800000,58000.0,0.10301953818827708,100.0,0.8,0.7282068965517241,0.8010919540229885,0.0,47292.0,100.0,0.10301953818827708,0.0
refractory_0.8,3.0,119,16.836748206464005,,173992,10800000,57997.333333333336,0.1022533251828587,104.0,0.8,0.7273390804597701,0.8001379310344827,0.0,47443.0,104.0,0.10224901460700209,8.0
refractory_1.0,3.0,100,1.8758316952736067,,173843,10800000,57947.666666666664,0.22091310751104565,176.0,1.0,0.8516091954022988,1.0005862068965516,0.0,25820.0,176.0,0.22087529047250193,157.0
refractory_1.0,3.0,101,1.872670786524426,,173919,10800000,57973.0,0.2178442738524205,180.0,1.0,0.8532649918403935,1.0044935297768176,0.0,25536.0,180.0,0.21788847117794485,109.0
refractory_1.0,3.0,102,1.8910873657552243,,174011,10800000,58003.666666666664,0.2135343485360574,224.0,1.0,0.8486704863485641,0.9953451218601123,0.0,26333.0,224.0,0.2135343485360574,0.0
refractory_1.0,3.0,103,1.8782930252645218,,174056,10800000,58018.666666666664,0.21558923600371172,188.0,1.0,0.8514041457921588,1.0010973479799605,0.0,25864.0,188.0,0.21558923600371172,0.0
refractory_1.0,3.0,104,1.8784169065088439,,173970,10800000,57990.0,0.2176760671906303,172.0,1.0,0.8508005655107412,0.9986436937506465,0.0,25961.0,172.0,0.21767266284041448,32.0
refractory_1.0,3.0,105,1.8756529976992826,,173926,10800000,57975.333333333336,0.2133404727300543,132.0,1.0,0.8496994563780759,0.9992931765679413,0.0,26155.0,132.0,0.21334352896195757,92.0
refractory_1.0,3.0,106,1.8722529515978523,,174002,10800000,58000.666666666664,0.21331750650941952,188.0,1.0,0.8499097711520557,1.0000057470603787,0.0,26116.0,188.0,0.21331750650941952,0.0
refractory_1.0,3.0,107,1.8742218372760244,,174001,10800000,58000.333333333336,0.210435976656368,164.0,1.0,0.8493284521353326,0.9991436830822812,0.0,26217.0,164.0,0.210435976656368,0.0
refractory_1.0,3.0,108,1.8828699697100821,,173962,10800000,57987.333333333336,0.21697751170465884,168.0,1.0,0.8502468206398373,0.998775953520714,0.0,26059.0,168.0,0.21700755976821828,51.0
refractory_1.0,3.0,109,1.8701551435212713,,174003,10800000,58001.0,0.2170235669524432,140.0,1.0,0.8505140715964667,1.0004540151606582,0.0,26011.0,140.0,0.2170235669524432,0.0
refractory_1.0,3.0,110,1.8730954520577563,,173904,10800000,57968.0,0.21603675249971047,152.0,1.0,0.8510674980604006,1.0007413580069537,0.0,25915.0,152.0,0.2161682423306965,101.0
refractory_1.0,3.0,111,1.8660569146819375,,174031,10800000,58010.333333333336,0.21738961744393576,148.0,1.0,0.8518999488596859,1.0014824944981067,0.0,25774.0,148.0,0.21738961744393576,0.0
refractory_1.0,3.0,112,1.890732606691611,,173990,10800000,57996.666666666664,0.21105736527851257,152.0,1.0,0.8479080459770115,0.9945919540229885,0.0,26464.0,152.0,0.21104141475211607,10.0
refractory_1.0,3.0,113,1.8632733252903235,,174016,10800000,58005.333333333336,0.21799820641790463,244.0,1.0,0.8526170007355646,1.0014998620816478,0.0,25647.0,244.0,0.21799820641790463,0.0
refractory_1.0,3.0,114,1.8671618993789405,,173996,10800000,57998.666666666664,0.22384648725324086,196.0,1.0,0.8541223664095815,1.0059079780692175,0.0,25383.0,196.0,0.22381121222865696,6.0
refractory_1.0,3.0,115,1.8793690322318692,,173884,10800000,57961.333333333336,0.2172264562827927,152.0,1.0,0.8498637946690268,0.9984195583958805,0.0,26124.0,152.0,0.21727147450620118,118.0
refractory_1.0,3.0,116,1.8765342082877627,,173914,10800000,57971.333333333336,0.21902140198511166,180.0,1.0,0.8516330365917437,1.0012241308957994,0.0,25816.0,180.0,0.21893399442206385,87.0
refractory_1.0,3.0,117,1.8708221879981628,,174034,10800000,58011.333333333336,0.2137360523278184,160.0,1.0,0.8506613650206282,1.0001953641242516,0.0,25990.0,160.0,0.2137360523278184,0.0
refractory_1.0,3.0,118,1.8785116768953434,,174001,10800000,58000.333333333336,0.21558250927070458,180.0,1.0,0.8512192458664031,1.000994247159499,0.0,25888.0,180.0,0.21558250927070458,0.0
refractory_1.0,3.0,119,1.883720143675634,,174020,10800000,58006.666666666664,0.21598503074044373,152.0,1.0,0.8495172968624296,0.997724399494311,0.0,26187.0,152.0,0.21598503074044373,0.0
refractory_1.2,3.0,100,1.4442658224717433,,174026,10800000,58008.666666666664,0.36155848381324224,280.0,1.2,0.929355383678301,1.1991484031121786,0.0,12294.0,280.0,0.36155848381324224,0.0
refractory_1.2,3.0,101,1.4360134220722642,,174020,10800000,58006.666666666664,0.3558252029187505,252.0,1.2,0.929910355131594,1.2043615676359039,0.0,12197.0,252.0,0.3558252029187505,0.0
refractory_1.2,3.0,102,1.452969084312692,,173985,10800000,57995.0,0.3531397174254317,224.0,1.2,0.9267842776692334,1.195914262728422,0.0,12741.0,224.0,0.3531904874028726,35.0
refractory_1.2,3.0,103,1.4446556731418239,,174001,10800000,58000.333333333336,0.3546994884910486,224.0,1.2,0.9280923672852455,1.2002804581582864,0.0,12512.0,224.0,0.3546994884910486,0.0
refractory_1.2,3.0,104,1.438236712884513,,173780,10800000,57926.666666666664,0.36450918722065884,244.0,1.2,0.9305585074301076,1.2036601967958918,0.0,12089.0,244.0,0.3646290015716767,309.0
refractory_1.2,3.0,105,1.4427630275411136,,173872,10800000,57957.333333333336,0.3553525226390686,224.0,1.2,0.9288772419817366,1.1988632771868122,0.0,12376.0,224.0,0.35536522301228185,137.0
refractory_1.2,3.0,106,1.4416867454954256,,173953,10800000,57984.333333333336,0.3518311210618903,380.0,1.2,0.928121102752283,1.198142539410693,0.0,12507.0,380.0,0.3518829455504917,48.0
refractory_1.2,3.0,107,1.4384462361260015,,173971,10800000,57990.333333333336,0.34716053299492383,304.0,1.2,0.927535482388094,1.1973395391599149,0.0,12611.0,304.0,0.34723653952898265,59.0
refractory_1.2,3.0,108,1.458911121451838,,173939,10800000,57979.666666666664,0.34981197116891255,260.0,1.2,0.9265919540229886,1.1944540229885057,0.0,12773.0,260.0,0.3497220699913881,61.0
refractory_1.2,3.0,109,1.4536599270059425,,173855,10800000,57951.666666666664,0.3600865939704939,276.0,1.2,0.9282878369138661,1.1986060915980534,0.0,12481.0,276.0,0.360227545869722,188.0
refractory_1.2,3.0,110,1.4498515842375643,,174000,10800000,58000.0,0.3533138015678201,228.0,1.2,0.927419540229885,1.1970919540229885,0.0,12629.0,228.0,0.3533138015678201,0.0
refractory_1.2,3.0,111,1.438183888696341,,174017,10800000,58005.666666666664,0.3539104573587332,280.0,1.2,0.9285069849497463,1.201095295287242,0.0,12441.0,280.0,0.3539104573587332,0.0
refractory_1.2,3.0,112,1.445094651581861,,173982,10800000,57994.0,0.35086034413765504,256.0,1.2,0.9281864463265799,1.2012767620120206,0.0,12498.0,256.0,0.3508561369819171,52.0
refractory_1.2,3.0,113,1.4456712221885082,,173870,10800000,57956.666666666664,0.3566755512478798,304.0,1.2,0.9287943311322219,1.1976345235426975,0.0,12390.0,304.0,0.3566585956416465,133.0
refractory_1.2,3.0,114,1.432398187807878,,173887,10800000,57962.333333333336,0.3642301967917976,276.0,1.2,0.9304770114942529,1.2041609195402299,0.0,12097.0,276.0,0.36430519963627345,113.0
refractory_1.2,3.0,115,1.4513537453311116,,173982,10800000,57994.0,0.35356032214336974,236.0,1.2,0.9279114134994426,1.1981875854776982,0.0,12545.0,236.0,0.35360701474691114,40.0
refractory_1.2,3.0,116,1.4446293054928472,,174020,10800000,58006.666666666664,0.36264894220637106,204.0,1.2,0.92910584990231,1.1990748189863234,0.0,12337.0,204.0,0.36264894220637106,0.0
refractory_1.2,3.0,117,1.4482921025234248,,174036,10800000,58012.0,0.3514366908746448,252.0,1.2,0.9272104622032223,1.1970914063756923,0.0,12668.0,252.0,0.3514366908746448,0.0
refractory_1.2,3.0,118,1.4306822259896794,,174003,10800000,58001.0,0.35276544206701654,240.0,1.2,0.9288230662689724,1.201168945363011,0.0,12385.0,240.0,0.35276544206701654,0.0
refractory_1.2,3.0,119,1.4448634356869083,,173931,10800000,57977.0,0.35955598455598453,244.0,1.2,0.9285357235197794,1.1992703036571002,0.0,12438.0,244.0,0.3595433349413089,114.0
