condition,hours,seed,dt_ms,iei_ms,native_dt_ms,sigma_single,tau_regression,regression_r2,n_avalanches,fit_fraction,mean_size,max_size,tau_mle,exp_rate,llr,vuong_z,ks,fit_n,signature_regression,signature_mle
mixed,70.0,42,1,4.48140887423207,4,0.27506325637846923,3.3066828872465317,0.9855726539599706,2059124,0.9998290535198463,1.6844109436828476,168,2.343393761716497,0.9063939748893926,37874.043644125544,43.327469086072654,0.04677289299697318,2058772,False,False
mixed,70.0,42,2,4.48140887423207,4,0.4220452267511112,2.482971183727457,0.9892719057295537,1402272,0.9971367894388535,2.473422417334155,359,1.9317734674997293,0.5615729895419197,68150.52205617903,78.67478244268533,0.06051930330684785,1398257,False,False
mixed,70.0,42,3,4.48140887423207,4,0.5246297596913423,2.200938457837397,0.9867553694819872,1031057,0.991621219777374,3.363937202307923,370,1.7351497412507921,0.4320065364440838,55527.05915703141,76.95551809321715,0.06547910985216293,1022418,False,False
mixed,70.0,42,4,4.48140887423207,4,0.6047612720665335,2.023991593009114,0.9855785982387614,798223,0.9840996814173483,4.3451654487530424,396,1.6109615573806284,0.3635530354821447,41180.9746345834,67.47439774068887,0.06784872242489909,785531,False,False
mixed,70.0,42,5,4.48140887423207,4,0.6768482208376763,1.9013127120143134,0.9843811419733707,641762,0.9746806448496483,5.404512887955348,396,1.5217169275362696,0.320583335156604,30243.810235475692,57.534374814240465,0.06868976677032046,625513,False,False
mixed,70.0,42,6,4.48140887423207,4,0.7404856842875176,1.8022192625248872,0.9836208769460227,530606,0.9633230683407273,6.536697662672491,396,1.4518799364926505,0.2901128085902658,22790.306865456016,49.48230788874257,0.06912323220554256,511145,False,False
mixed,70.0,42,8,4.48140887423207,4,0.8653512651093422,1.656656504857085,0.9823379202647171,387938,0.9353015172527569,8.940632265980646,419,1.34830868909477,0.2496757855291794,13988.110760554233,38.163116584458606,0.06839044034549313,362839,True,True
mixed,70.0,42,10,4.48140887423207,4,0.9862630177374102,1.5260854073168328,0.9834482594762772,303306,0.9012251653445695,11.435352416371584,419,1.2687164636860846,0.22105462183132163,10502.119062414025,34.500372888459964,0.06547161279588515,273347,True,False
mixed,70.0,42,12,4.48140887423207,4,1.1101743465873901,1.3938461346868996,0.9853701003458755,249309,0.8650510009666719,13.91209703620808,419,1.1954564145491933,0.1959583495604062,9603.3466750407,37.218156006793826,0.05971042897300699,215665,True,False
mixed,70.0,42,16,4.48140887423207,4,1.4040987054259944,1.1152492192067673,0.9857508895230622,187490,0.8007253720198411,18.499178622859887,419,1.0470120901655786,0.14983932840783082,10216.29831490803,54.02136186005319,0.04337706722077431,150128,False,False
mixed,70.0,42,20,4.48140887423207,4,1.7218245300766863,0.8894714602505461,0.9799399791919766,155652,0.7526983270372369,22.283112327499808,419,0.8906224525646795,0.11238422344248955,8638.062390553407,62.735827246557115,0.024474938439686345,117159,False,False
mixed,70.0,42,24,4.48140887423207,4,2.06456255574475,0.7225268119420676,0.9749746881378467,137775,0.7181201233895844,25.174458356015244,419,0.7470583759943974,0.08572278560148561,6104.087800808032,58.90300754714475,0.019495823083355235,98939,False,False
mixed,70.0,42,32,4.48140887423207,4,2.823592539954172,0.4965968524699846,0.9574875440575942,119575,0.6735438009617395,29.006155132761865,419,0.5070110770648544,0.05286618781013215,1998.6705128839685,32.80894541309594,0.0180674117456614,80539,False,False
mixed,70.0,42,48,4.48140887423207,4,4.300858037862623,0.2541295194836068,0.679887139889054,107405,0.6354732088822681,32.29282621851869,419,0.2276054603091726,0.026837366047483643,-372.518891518274,-15.54911005018749,0.0382736524922882,68253,False,False
mixed,70.0,42,64,4.48140887423207,4,5.88466905296366,0.13288737433263823,0.23334610707843984,103538,0.6218103498232533,33.498918271552476,419,0.11199521887727393,0.018926567977907767,-552.2672039541563,-27.459479092889925,0.05668659200776527,64381,False,False
mixed,70.0,42,96,4.48140887423207,4,8.461124292754151,0.04204427796167061,0.018315521803777934,100282,0.6087333718912666,34.58657585608584,419,0.05173141352082489,0.015306393688525946,-473.742775138796,-21.959702754080244,0.06653045121617818,61045,False,False
mixed,70.0,42,128,4.48140887423207,4,10.677741663657157,0.025613866504370184,0.0065291839552305,98055,0.5998776197032277,35.37209729233594,419,0.04221310564893166,0.014542054125571986,-426.01441206215975,-20.093079242782842,0.06717382235596836,58821,False,False
mixed,70.0,100,1,4.477580972305305,4,0.2767626817476639,3.3283497304546437,0.9857552268454043,2063618,0.9998459017124294,1.6812331545857808,93,2.3422555197338983,0.9083465885964457,31745.253240410504,36.736133006740744,0.047861170116135776,2063300,False,False
mixed,70.0,100,2,4.477580972305305,4,0.42446897784365223,2.503969474286786,0.9878327031734947,1404210,0.9972660784355616,2.470729449298894,319,1.9278416434045536,0.560203612028898,64944.10676576626,75.75740550130621,0.06099035763201244,1400371,False,False
mixed,70.0,100,3,4.477580972305305,4,0.5266612615106752,2.1924063209047744,0.9869151097253759,1031621,0.991786712368205,3.3630790765213194,379,1.7312237617618376,0.429378812306078,56291.061165111416,77.98413271599456,0.06526267956003756,1023148,False,False
mixed,70.0,100,4,4.477580972305305,4,0.6066830330826851,2.0123515848647324,0.9860484884737215,797925,0.9840172948585393,4.348056521602907,379,1.6079133263031569,0.3612786944809052,42630.175179368125,69.81425923444154,0.06714496652338442,785172,False,False
mixed,70.0,100,5,4.477580972305305,4,0.6749535778428741,1.8884854924836925,0.985397170775524,641185,0.9744987796033906,5.4109547166574385,379,1.5205612267467021,0.3192385572351021,31750.436287036693,60.23557210843531,0.06782818870118823,624834,False,False
mixed,70.0,100,6,4.477580972305305,4,0.7412628842429798,1.7939618358237095,0.9843098950281358,530203,0.9631631658063043,6.543574819455944,379,1.4510806179577944,0.28924205144268555,23675.480674194445,51.319002743728106,0.06817546295040755,510672,False,False
mixed,70.0,100,8,4.477580972305305,4,0.8647477641746982,1.6438048830827467,0.9835280298612236,387324,0.9348762276543668,8.957418078921007,379,1.3476165860101244,0.24861649144294679,15074.969686282655,41.0267507490941,0.06728255314837217,362100,True,True
mixed,70.0,100,10,4.477580972305305,4,0.9836577545206394,1.5222538975258788,0.9837264535331359,302828,0.9004418349690253,11.456744422576513,385,1.2679629465085736,0.2203771555197494,10964.00730770951,36.12852090841584,0.06441764718598647,272679,True,False
mixed,70.0,100,12,4.477580972305305,4,1.118345948628862,1.3948740248454128,0.9849470533365977,248644,0.8634433165489616,13.95337510657808,385,1.1971364230517825,0.19651396515966563,9521.87310383998,36.85724005873018,0.060423629069654816,214690,True,False
mixed,70.0,100,16,4.477580972305305,4,1.3973888256753746,1.1149082041483283,0.9840980394311997,187027,0.79873494201372,18.550385773177133,385,1.0478759721151452,0.14987697523196242,10303.917968439844,54.42283284066894,0.04268957572152193,149385,False,False
mixed,70.0,100,20,4.477580972305305,4,1.738298348190038,0.8875519425254985,0.9810408582855988,155187,0.7502239233956453,22.356402275963838,385,0.8908947537381255,0.11221254663334598,8722.380453101423,63.43834638333916,0.023992816562417835,116425,False,False
mixed,70.0,100,24,4.477580972305305,4,2.0874645675714256,0.7218610116670484,0.9795769690545063,137327,0.7151980309771567,25.263953920205058,385,0.745573652965339,0.0855134597682995,6024.784268388512,58.25424083746203,0.016788291438319947,98216,False,False
mixed,70.0,100,32,4.477580972305305,4,2.828940478268459,0.49668733824189265,0.960925513152686,119442,0.6708360543192512,29.046926541752484,385,0.507547147212053,0.05291913133656456,1997.2131697190284,32.74384542455823,0.017943916769238233,80126,False,False
mixed,70.0,100,48,4.477580972305305,4,4.366456814167308,0.2515855176879774,0.6740031581153993,107322,0.6329550325189617,32.32723020443152,424,0.2261513441154417,0.02666390652493332,-367.45188614524034,-15.421295274326402,0.03882222200602958,67930,False,False
mixed,70.0,100,64,4.477580972305305,4,5.756670551432252,0.13067339418085852,0.2309064717969258,103488,0.619192563388992,33.52488211193568,424,0.11041641344455932,0.018665395333446196,-535.2835633204533,-26.981386510830312,0.05691755543651689,64079,False,False
mixed,70.0,100,96,4.477580972305305,4,8.519645921777617,0.038776791078618054,0.016309675573482618,100221,0.6067889963181369,34.61772482812983,503,0.04841899364460822,0.0148394181649016,-447.62461709525786,-21.122987199236007,0.06609406595576461,60813,False,False
mixed,70.0,100,128,4.477580972305305,4,10.755967526959893,0.02071107967392427,0.004471177850100871,98028,0.5984310605133227,35.392163463500225,503,0.03821489375361331,0.013968121611753787,-396.1137567140515,-19.08391697490004,0.06614697021962634,58663,False,False
mixed,70.0,101,1,4.467182074312813,4,0.2771504102158207,3.3192314012112756,0.9854719261292556,2067329,0.999846662045567,1.6838243936983421,73,2.3402261995352855,0.9061183895514437,32852.520743320274,37.87200762506598,0.047760530348612606,2067012,False,False
mixed,70.0,101,2,4.467182074312813,4,0.42496817825612315,2.491926650690665,0.9883006632375099,1406969,0.9972550923296818,2.4741262956042385,337,1.927410654522225,0.5590642880718117,67123.73122441699,77.87192432896475,0.06081584187535416,1403107,False,False
mixed,70.0,101,3,4.467182074312813,4,0.5279286503768225,2.1859884459797736,0.9872893419925609,1032531,0.9916670782765844,3.371345751362429,394,1.7293902768406877,0.42836175089299966,56187.68081562736,77.71261715446597,0.06612754234286794,1023927,False,False
mixed,70.0,101,4,4.467182074312813,4,0.6094858857907843,2.0185484699976413,0.9854004381701318,798385,0.9839263012205891,4.360075652723936,394,1.605289239431345,0.36097522799113213,40375.81913144523,66.32970162178304,0.06824248796589977,785552,False,False
mixed,70.0,101,5,4.467182074312813,4,0.6824475358810712,1.8963957767812376,0.9842027876984513,640560,0.9743568127888098,5.434337142500312,394,1.5156341415487393,0.31828325117044476,29090.360708497905,55.56923994638793,0.06932715742161538,624134,False,False
mixed,70.0,101,6,4.467182074312813,4,0.7441098256833786,1.798060853784175,0.9837836747963258,529465,0.9628360703729236,6.574596998857337,394,1.4488345924259303,0.28907472049508043,22244.33729547611,48.39215874608128,0.06964332052226635,509788,False,False
mixed,70.0,101,8,4.467182074312813,4,0.8681478704062991,1.6509621789805353,0.9824525580466166,387627,0.9344834080185332,8.980331607447365,394,1.345073060432446,0.24848271751366469,13917.648072940336,37.999110226346204,0.06758851377997493,362231,True,True
mixed,70.0,101,10,4.467182074312813,4,0.9843333771337786,1.5272162957882158,0.9831014626226808,302970,0.8999504901475394,11.489649140178896,394,1.2674257000132787,0.2206600753702585,10423.597444940942,34.38681092790882,0.06477338814932626,272658,True,False
mixed,70.0,101,12,4.467182074312813,4,1.1102045881093825,1.3953345041761185,0.9853250533560794,248813,0.8631984663180783,13.990502907806263,394,1.1957510048875104,0.1961171800915819,9496.432498085467,36.85387694188307,0.059157838722268485,214775,True,False
mixed,70.0,101,16,4.467182074312813,4,1.4043555378055512,1.1110299250622246,0.9851771537804616,187005,0.798144434640785,18.614577150343575,394,1.0466261813381603,0.14935316575735075,10454.321087940212,55.419077686420934,0.04208680821190727,149257,False,False
mixed,70.0,101,20,4.467182074312813,4,1.7291696670027044,0.8864642626288027,0.9794767571247852,155220,0.749252673624533,22.426356139672723,422,0.8899502148501437,0.11202002652542964,8706.508719365718,63.41912317103583,0.02322287972540768,116299,False,False
mixed,70.0,101,24,4.467182074312813,4,2.0745585482952236,0.7164473153959523,0.9740255797572908,137093,0.7133989335706419,25.391661135141838,422,0.7424848539251645,0.08485488263619817,6031.370350471291,58.86302518090192,0.01956665560892007,97802,False,False
mixed,70.0,101,32,4.467182074312813,4,2.8215394435256913,0.4974583135403554,0.9600527973318908,119643,0.6700266626547312,29.09504943874694,422,0.5106997033820715,0.05304936525357867,2101.455624315036,34.12850390615175,0.019060903093122694,80164,False,False
mixed,70.0,101,48,4.467182074312813,4,4.305200072098053,0.25406958567411125,0.6906108373162684,107575,0.6322286776667442,32.35899604926795,422,0.2295721173663683,0.02680045800067015,-339.58121741092407,-14.146032479073076,0.036902457482662965,68012,False,False
mixed,70.0,101,64,4.467182074312813,4,5.809220116618076,0.1306058607451896,0.23357955395150498,103672,0.6182093525735011,33.57723396867042,422,0.11104603909967459,0.018666518011047913,-531.9883659676307,-26.885778647585177,0.05555154683904673,64091,False,False
mixed,70.0,101,96,4.467182074312813,4,8.498020870816841,0.043839289919401586,0.021327488295782238,100481,0.6060847324369781,34.64355450284133,422,0.05241092928103619,0.01506216183062039,-454.28295442264755,-21.57680969600124,0.06468152815726991,60900,False,False
mixed,70.0,101,128,4.467182074312813,4,10.79657725452118,0.02396769209910644,0.006034380325896538,98207,0.5963118718624946,35.445731974299186,422,0.04125735276146436,0.014188406968035291,-403.76073722374116,-19.48492706011073,0.06543704840124043,58562,False,False
mixed,70.0,102,1,4.479703744046152,4,0.27627479388092174,3.3112959412752594,0.9865177842469307,2064213,0.9998241460546949,1.680386665523374,90,2.344145183638142,0.9099000210588064,31887.534214703515,36.64583150467405,0.047924894774426074,2063850,False,False
mixed,70.0,102,2,4.479703744046152,4,0.424725137204688,2.5036797003919875,0.9883053302555181,1405557,0.9972580265332534,2.4678301911626495,349,1.9292955025354939,0.5618358970195558,63492.60455375662,73.9206197336466,0.06135662565802513,1401703,False,False
mixed,70.0,102,3,4.479703744046152,4,0.5264718719465802,2.1982177694962495,0.9867321508389184,1032525,0.9918210212827776,3.359411152272342,349,1.7308415538160933,0.42997565288295303,54413.45884274457,75.48714306915947,0.06588687082236588,1024080,False,False
mixed,70.0,102,4,4.479703744046152,4,0.609460712770776,2.0268003408757553,0.9848699343069145,798674,0.9840660895434182,4.343043594758312,356,1.6062205181482145,0.36178081869112666,39706.49149759738,65.38184105755214,0.06823471787224544,785948,False,False
mixed,70.0,102,5,4.479703744046152,4,0.6810142491025434,1.8907596946337977,0.9845295157479034,641964,0.9749098080266183,5.403225102965275,370,1.5155384809885835,0.3177939854944468,30032.091800918217,57.193191497712355,0.06890293663448505,625857,False,False
mixed,70.0,102,6,4.479703744046152,4,0.7466264120622016,1.7939336375740431,0.9835409076894345,530290,0.9634935601274774,6.541092609704124,370,1.4451725954326182,0.28738648527742827,22482.073583486104,49.00172498054182,0.06891464564850536,510931,False,False
mixed,70.0,102,8,4.479703744046152,4,0.8689669022785518,1.6421943293608785,0.9821999140715836,387067,0.9351533455448282,8.961435617089547,370,1.3415211776115097,0.2465709811884071,14713.065599559943,40.36411103754178,0.06700918211795959,361967,True,True
mixed,70.0,102,10,4.479703744046152,4,0.9835984930290596,1.518105955896044,0.9834489110083141,302365,0.900362145089544,11.47181717460685,373,1.263696891024205,0.21901139963730043,10852.84494322106,35.959656670564286,0.06415865313186941,272238,True,False
mixed,70.0,102,12,4.479703744046152,4,1.1144170276302385,1.384228483127634,0.9858737945191851,248306,0.8633299235620565,13.969360385975369,373,1.193338264927549,0.1947878160539641,10059.20421160703,39.12689428358802,0.058674862109159176,214370,True,False
mixed,70.0,102,16,4.479703744046152,4,1.4102271524191556,1.102519264881758,0.9832193344341124,186446,0.7978342254593823,18.604185662336548,373,1.0432148334489124,0.1482097060575751,10636.21982587945,56.580897718678486,0.041149452450207846,148753,False,False
mixed,70.0,102,20,4.479703744046152,4,1.735576536438647,0.878166365992825,0.9763251545426481,154755,0.7488223320732771,22.41398339310523,442,0.8858563000272657,0.11097379486001199,8775.36842193789,64.39760202609591,0.02406820658565978,115884,False,False
mixed,70.0,102,24,4.479703744046152,4,2.1063614057145177,0.7107898444873427,0.9721609065213437,136914,0.7133675153746147,25.33470645806857,442,0.7404360061472399,0.08421873210713365,6136.31399528533,60.040465528173684,0.019482434766575296,97670,False,False
mixed,70.0,102,32,4.479703744046152,4,2.8360223712336388,0.4855992656122514,0.9613039689134524,119097,0.6690008984273323,29.124797434024366,442,0.50154343094726,0.05162076728131408,2083.888662409812,34.60864202362499,0.01876137501517694,79676,False,False
mixed,70.0,102,48,4.479703744046152,4,4.353282553500182,0.24626561417645074,0.7103050018774911,107285,0.6318590669711516,32.331416321014125,442,0.2258206034871808,0.025848650155462047,-265.6962952165017,-11.41848139145311,0.0339860763176566,67789,False,False
mixed,70.0,102,64,4.479703744046152,4,5.7582592706098685,0.12966258382184637,0.25691148207396275,103521,0.618193410032747,33.506979260246716,442,0.11109528304744565,0.018100189724013692,-481.76278476534077,-25.595588805255534,0.05213094686286379,63996,False,False
mixed,70.0,102,96,4.479703744046152,4,8.328153234550054,0.04389640956481707,0.024165280159222258,100240,0.6056664006384677,34.6037110933759,442,0.05091649954379385,0.014362261025826682,-409.9548684542268,-20.50014767258761,0.06044521422732152,60712,False,False
mixed,70.0,102,128,4.479703744046152,4,10.67753667111165,0.020760585017948786,0.00503014394079504,97958,0.5967149186386003,35.40982870209682,442,0.037971762482728266,0.013357901967667112,-358.88403385980064,-18.183743973108726,0.061268689082802585,58453,False,False
mixed,70.0,103,1,4.491224459569821,4,0.27573054385855184,3.3295420047742357,0.9858330549522005,2062933,0.99984051832997,1.6772192795403438,109,2.3467595741196643,0.9121642784777657,31811.995502586404,36.802712258050455,0.04773906573402342,2062604,False,False
mixed,70.0,103,2,4.491224459569821,4,0.42282079856486643,2.5042928010878054,0.9882939818544408,1405491,0.9972287264735242,2.461766742014001,343,1.9320039759386898,0.563212256895361,64723.02137500333,75.25254362836286,0.06102947197201114,1401596,False,False
mixed,70.0,103,3,4.491224459569821,4,0.5245216713250422,2.203749549820771,0.9864136228288563,1032983,0.9918759553642219,3.349513980384963,347,1.7332099325524712,0.4312522758472809,54726.8103420999,75.9664596537745,0.06562103979885409,1024591,False,False
mixed,70.0,103,4,4.491224459569821,4,0.6081058049561987,2.021728045384663,0.9853880357833819,799292,0.984241053332199,4.328819755483603,403,1.6078729518627082,0.36216925237342346,40756.41313240083,66.82909576728524,0.06778181499406144,786696,False,False
mixed,70.0,103,5,4.491224459569821,4,0.6799053511220849,1.8956758754266627,0.9843816065330825,641569,0.9747026430516437,5.393014625083194,361,1.518379245600224,0.31901518470815493,30225.702738140964,57.54205977292138,0.06839238010089038,625339,False,False
mixed,70.0,103,6,4.491224459569821,4,0.7462434985044718,1.7993646685732503,0.983665312161812,530953,0.9633018365090695,6.5165673797869115,403,1.4494521765894373,0.28926777005405835,22446.262166730336,48.76265827474822,0.06938939847767461,511468,False,False
mixed,70.0,103,8,4.491224459569821,4,0.8683700025720053,1.6447498570948587,0.9826678707557199,386981,0.9349787198854724,8.940984182685972,403,1.3434450567912197,0.2476161008402239,14255.148240611095,38.980790741641705,0.0678955614177344,361819,True,True
mixed,70.0,103,10,4.491224459569821,4,0.9878781358150878,1.5236022931099185,0.9834608071644692,302304,0.9000840213824495,11.44540264105007,403,1.2658054200018523,0.220084512211068,10431.06265250219,34.507239593582646,0.06527594598966957,272099,True,False
mixed,70.0,103,12,4.491224459569821,4,1.1223544973544974,1.3845404232642764,0.9859570297599705,248223,0.8635904005672319,13.939042715622646,403,1.1926199438339946,0.19492736909216996,9704.06593582397,37.75476031301489,0.060340214980442286,214363,True,False
mixed,70.0,103,16,4.491224459569821,4,1.401836806782056,1.1111176570706254,0.9831622019124396,186645,0.7979961959870342,18.537817782421175,403,1.0453831317235238,0.14928153309951003,10247.645548058394,54.37467444565759,0.043157325074905245,148942,False,False
mixed,70.0,103,20,4.491224459569821,4,1.7332693077230892,0.8859032847584368,0.9802610469620014,155161,0.749969386637106,22.29936001959255,404,0.8903595695420368,0.11201311622763438,8768.568778946094,63.80453194336252,0.023735125277426855,116366,False,False
mixed,70.0,103,24,4.491224459569821,4,2.0997089532493436,0.721231538143834,0.9790665017847209,137248,0.7143710655164374,25.20977354861273,403,0.7460349371856534,0.08547495362638963,6073.2444687900015,58.695734072745054,0.016783681802508832,98046,False,False
mixed,70.0,103,32,4.491224459569821,4,2.8048610100422064,0.4968697563013752,0.9635882450777469,119391,0.6701175130453719,28.98033352597767,408,0.5089664011079389,0.052969610367309405,2042.7913861459617,33.34372797398139,0.018482188252234133,80006,False,False
mixed,70.0,103,48,4.491224459569821,4,4.3206846585763445,0.2537121418495678,0.6916855275853173,107318,0.632177267559962,32.24054678618685,408,0.22944099049473898,0.026822344125237645,-343.417714898383,-14.285547139173598,0.03755339991885864,67844,False,False
mixed,70.0,103,64,4.491224459569821,4,5.765655697445973,0.13112090743102886,0.23184107181250668,103445,0.6180289042486345,33.44763884189666,408,0.11184134151639036,0.01880177262886773,-538.1807589942118,-27.005550170519847,0.057201908586511085,63932,False,False
mixed,70.0,103,96,4.491224459569821,4,8.564327750113174,0.04284361683315889,0.0200261670092321,100226,0.6051024684213677,34.52189052740806,408,0.05147123147277988,0.015103746738578339,-457.39927932968243,-21.555896056380856,0.0666994780161484,60647,False,False
mixed,70.0,103,128,4.491224459569821,4,10.819099099099098,0.025400622217679244,0.006717798719725665,97989,0.5958934166079866,35.309993978916,408,0.04178683517332793,0.014335527275519778,-410.7402148290358,-19.680927181979243,0.06710010619153117,58391,False,False
mixed,70.0,104,1,4.486590446140722,4,0.27638084303774463,3.315155526456149,0.98639212381499,2059927,0.9998393146941615,1.6801051687753983,96,2.3444274174211177,0.9097861998580841,32572.750835591643,37.682338961102325,0.04749234898293264,2059596,False,False
mixed,70.0,104,2,4.486590446140722,4,0.42333399341972594,2.4946996030444035,0.9884572859603914,1402059,0.9972483326307952,2.468436777624907,352,1.9301166912014178,0.5610452725739568,66636.76198736031,77.3517944958972,0.06060831452300797,1398201,False,False
mixed,70.0,104,3,4.486590446140722,4,0.523870383402231,2.189207559443519,0.9873560141494941,1030335,0.9916561118471177,3.3589987722439787,352,1.733467623386579,0.4303454137807442,57046.65163620214,78.83594407894164,0.06520219826554913,1021738,False,False
mixed,70.0,104,4,4.486590446140722,4,0.6049754621945349,2.0266171793851275,0.9854287881735616,797829,0.9837885060583158,4.337889447488121,359,1.6117614099646023,0.3639600605206059,41170.79591392344,67.52530075975301,0.06760879585698687,784895,False,False
mixed,70.0,104,5,4.486590446140722,4,0.6751436216995078,1.898086457907969,0.9847314012144145,641097,0.9745124372754825,5.398393690814339,371,1.5215393274917606,0.32030928786146273,30572.631320184675,58.14613748783603,0.06861878102289204,624757,False,False
mixed,70.0,104,6,4.486590446140722,4,0.737653547624452,1.806047462750567,0.9834112117764308,530545,0.9632547663251939,6.523280777313894,372,1.4532223095311405,0.29064037896815775,22881.6093040532,49.72077184982229,0.0687233837504046,511050,False,False
mixed,70.0,104,8,4.486590446140722,4,0.8626545353521322,1.6519988618077408,0.9827033203745191,387913,0.9351040052795343,8.92183041042708,372,1.3479351909744697,0.2491907766919222,14465.072748576336,39.47471222758804,0.06815501506546084,362739,True,True
mixed,70.0,104,10,4.486590446140722,4,0.9817290977067606,1.5253469027757638,0.9837574739463486,302953,0.9005555317161408,11.423864427815536,372,1.2693219322346554,0.2210522640522749,10723.671781144107,35.28369093141201,0.06510334276838853,272826,True,False
mixed,70.0,104,12,4.486590446140722,4,1.1090539433200883,1.3937973666570889,0.9852186642896821,249033,0.8639778663871857,13.897330875827702,372,1.1999395511185131,0.19702899908735355,9887.24225768723,38.074947225677455,0.059940033835729545,215159,True,False
mixed,70.0,104,16,4.486590446140722,4,1.406563237458819,1.119811792083437,0.9844119249619835,187236,0.7993281206605567,18.484126984126984,391,1.048083049837464,0.15035310224926451,9998.389363171955,52.7445460634338,0.04321131983280896,149663,False,False
mixed,70.0,104,20,4.486590446140722,4,1.7160259880887927,0.8942088072209413,0.9814514453139074,155565,0.7512165332819079,22.24725355960531,391,0.8935723054589015,0.11301141801475717,8621.225338069371,62.188682712761505,0.02355209802667041,116863,False,False
mixed,70.0,104,24,4.486590446140722,4,2.0652834008097165,0.7245732461366007,0.9806035915400876,137353,0.7156232481270886,25.197076146862464,391,0.7473815173396172,0.08585449439918652,6031.595146242789,58.06056342313356,0.017436020125960627,98293,False,False
mixed,70.0,104,32,4.486590446140722,4,2.810082471831804,0.49839044465949217,0.9642255791364565,119320,0.6711112973516594,29.005145826349313,391,0.5075090043630421,0.05306433721096686,1953.4475750424613,31.98933031681417,0.016344121158326508,80077,False,False
mixed,70.0,104,48,4.486590446140722,4,4.32661804922516,0.2527120765073906,0.6664908065490007,107250,0.6337156177156177,32.269407925407926,391,0.22592279110732782,0.026918981828143444,-404.4095260667391,-16.814636641328924,0.03997716203455326,67966,False,False
mixed,70.0,104,64,4.486590446140722,4,5.779299754299754,0.13036628817901516,0.21724436014702464,103386,0.6196196777126497,33.47546089412493,391,0.11079652473451596,0.019067441049638437,-568.8448155286425,-27.68827850368071,0.05965294418533784,64060,False,False
mixed,70.0,104,96,4.486590446140722,4,8.506485143960997,0.04047359790030285,0.016960121608086687,100148,0.6068518592483125,34.557794464192995,422,0.051260355980284444,0.015331813883502372,-474.488480532808,-21.862705525847907,0.06864548504226764,60775,False,False
mixed,70.0,104,128,4.486590446140722,4,10.733202790356138,0.02399848248151121,0.005730947776262152,97979,0.5983935333081579,35.32281407240327,422,0.04192402825256103,0.014565481182421701,-426.634999802683,-20.017496403448604,0.06907753285373819,58630,False,False
