condition,hours,seed,policy,dt_ms,iei_ms,fit_min,fit_max,sigma_single,tau_regression,regression_r2,n_avalanches,fit_fraction,mean_size,max_size,tau_mle,exp_rate,llr,vuong_z,ks,fit_n,ks_iid_p,lognormal_a,lognormal_b,lognormal_bound_hit,aic_powerlaw_minus_lognormal,signature_regression,signature_mle
mixed,70.0,42,iei_rounded,4.0,4.48140887423207,1,30,0.6047612720665335,2.023991593009114,0.9855785982387614,798223,0.9840996814173483,4.3451654487530424,396,1.6109615573806284,0.3635530354821447,41180.9746345834,67.47439774068887,0.06784872242489909,785531,0.005,0.8838823357389374,0.3072093821198175,False,44463.531430405565,False,False
mixed,70.0,42,iei_rounded,4.0,4.48140887423207,1,15,0.6047612720665335,1.8046318480832566,0.9823406622703311,798223,0.9588410757394863,4.3451654487530424,396,1.5158063123881842,0.43490859088741196,11667.136302198338,29.76542349097871,0.05051566895053422,765369,0.005,0.830182653256673,0.33979176177061765,False,27664.81349746324,False,False
mixed,70.0,42,iei_rounded,4.0,4.48140887423207,1,59,0.6047612720665335,2.183638117287102,0.9895456912981002,798223,0.9936446331413653,4.3451654487530424,396,1.6724548303796798,0.32085192406101837,79772.14007329145,90.48923923104978,0.08106977264848292,793150,0.005,0.9310616996274201,0.28199424066725104,False,58208.56891910266,False,False
mixed,70.0,42,iei_rounded,4.0,4.48140887423207,3,30,0.6047612720665335,2.229211042171703,0.9972393008436761,798223,0.3680650645245752,4.3451654487530424,396,2.074402077708717,0.24685341745480016,13122.760984043105,60.66950220068079,0.02118303401285776,293798,0.005,1.3016721069030714,0.19744147736938797,False,1558.1002750399057,False,False
mixed,70.0,42,fixed_10,10.0,4.48140887423207,1,30,0.9862630177374102,1.5260854073168328,0.9834482594762772,303306,0.9012251653445695,11.435352416371584,419,1.2687164636860846,0.22105462183132163,10502.119062414025,34.500372888459964,0.06547161279588515,273347,0.005,0.5956124076411595,0.24848673850848904,False,14525.954622105462,True,False
mixed,70.0,42,fixed_10,10.0,4.48140887423207,1,15,0.9862630177374102,1.356896988073139,0.9753957762583673,303306,0.8387173349686455,11.435352416371584,419,1.1628722336522959,0.2913661086243504,734.5310441647416,3.982304747257123,0.04814381081998953,254388,0.005,0.5206623174271817,0.28790230417090945,False,8466.948841225589,True,False
mixed,70.0,42,fixed_10,10.0,4.48140887423207,1,59,0.9862630177374102,1.4628871515120943,0.98680393032514,303306,0.9517912603113687,11.435352416371584,419,1.3131066906558235,0.15269376930587614,45403.285956230226,99.00261077831895,0.07195807516804592,288684,0.005,0.7728098000837883,0.16959987787515438,False,13471.357837433694,True,True
mixed,70.0,42,fixed_10,10.0,4.48140887423207,3,30,0.9862630177374102,1.6941230283193476,0.9976900973571912,303306,0.4802443736688361,11.435352416371584,419,1.6181297745985521,0.169289973357324,5080.698360727842,39.606430586698046,0.01761708551110361,145661,0.005,1.0174672928599438,0.1462929747935317,False,537.6065680761822,True,True
mixed,70.0,42,selected_regression,10.0,4.48140887423207,1,30,0.9862630177374102,1.5260854073168328,0.9834482594762772,303306,0.9012251653445695,11.435352416371584,419,1.2687164636860846,0.22105462183132163,10502.119062414025,34.500372888459964,0.06547161279588515,273347,0.005,0.5956124076411595,0.24848673850848904,False,14525.954622105462,True,False
mixed,70.0,42,selected_mle,8.0,4.48140887423207,1,30,0.8653512651093422,1.656656504857085,0.9823379202647171,387938,0.9353015172527569,8.940632265980646,419,1.34830868909477,0.2496757855291794,13988.110760554233,38.163116584458606,0.06839044034549313,362839,0.005,0.6410379319977817,0.2692720865308365,False,21087.93421679968,True,True
mixed,70.0,100,iei_rounded,4.0,4.477580972305305,1,30,0.6066830330826851,2.0123515848647324,0.9860484884737215,797925,0.9840172948585393,4.348056521602907,379,1.6079133263031569,0.3612786944809052,42630.175179368125,69.81425923444154,0.06714496652338442,785172,0.005,0.8900042024006397,0.3027446623338151,False,43443.653051875066,False,False
mixed,70.0,100,iei_rounded,4.0,4.477580972305305,1,15,0.6066830330826851,1.7991764048511896,0.9825828017439001,797925,0.9581263903249052,4.348056521602907,379,1.5139497378370077,0.43369416109021186,12170.13806433292,31.072158521924415,0.05005004545766756,764513,0.005,0.8345802245055571,0.3364069630663824,False,27156.473103961907,False,False
mixed,70.0,100,iei_rounded,4.0,4.477580972305305,1,59,0.6066830330826851,2.1694413739772918,0.990041527909181,797925,0.993821474449353,4.348056521602907,379,1.6691739902846106,0.3180400217182302,82132.95841287788,93.01068360399977,0.08031322179122113,792995,0.005,0.9369300026126188,0.2777402901319733,False,57019.93818571791,False,False
mixed,70.0,100,iei_rounded,4.0,4.477580972305305,3,30,0.6066830330826851,2.213898555736699,0.9975110441970704,797925,0.3694194316508444,4.348056521602907,379,2.067186328379295,0.24510818085294456,13543.210527591938,62.5231760419326,0.01893467449904701,294769,0.005,1.3420179011528761,0.1850824508137123,False,1384.2527584603522,False,False
mixed,70.0,100,fixed_10,10.0,4.477580972305305,1,30,0.9836577545206394,1.5222538975258788,0.9837264535331359,302828,0.9004418349690253,11.456744422576513,385,1.2679629465085736,0.2203771555197494,10964.00730770951,36.12852090841584,0.06441764718598647,272679,0.005,0.6062061226140429,0.2441282085270157,False,14022.054786659312,True,False
mixed,70.0,100,fixed_10,10.0,4.477580972305305,1,15,0.9836577545206394,1.3587957900208623,0.975541250648715,302828,0.8368116554611859,11.456744422576513,385,1.1650269208185104,0.29196861244367356,851.8174822585131,4.618941019203866,0.047647568680566965,253410,0.005,0.5278524319284277,0.285775579234323,False,8305.383924863068,True,False
mixed,70.0,100,fixed_10,10.0,4.477580972305305,1,59,0.9836577545206394,1.4627556234103787,0.9872880003944395,302828,0.9513321093161795,11.456744422576513,385,1.3119958431661214,0.1521900052739268,45617.59402866345,99.9625546080789,0.07086592101953776,288090,0.005,0.7793513617949112,0.16705256552792386,False,13080.44434565003,True,True
mixed,70.0,100,fixed_10,10.0,4.477580972305305,3,30,0.9836577545206394,1.6883759379515852,0.9977078442973405,302828,0.47939424359702537,11.456744422576513,385,1.6100495514831241,0.1681640728699489,4977.392507483842,39.18458510252787,0.018792539701728672,145174,0.005,1.0021530129276393,0.14794011182624786,False,549.4802453520242,True,True
mixed,70.0,100,selected_regression,10.0,4.477580972305305,1,30,0.9836577545206394,1.5222538975258788,0.9837264535331359,302828,0.9004418349690253,11.456744422576513,385,1.2679629465085736,0.2203771555197494,10964.00730770951,36.12852090841584,0.06441764718598647,272679,0.005,0.6062061226140429,0.2441282085270157,False,14022.054786659312,True,False
mixed,70.0,100,selected_mle,8.0,4.477580972305305,1,30,0.8647477641746982,1.6438048830827467,0.9835280298612236,387324,0.9348762276543668,8.957418078921007,379,1.3476165860101244,0.24861649144294679,15074.969686282655,41.0267507490941,0.06728255314837217,362100,0.005,0.654178571075633,0.2637700855957255,False,20261.112104802858,True,True
mixed,70.0,101,iei_rounded,4.0,4.467182074312813,1,30,0.6094858857907843,2.0185484699976413,0.9854004381701318,798385,0.9839263012205891,4.360075652723936,394,1.605289239431345,0.36097522799113213,40375.81913144523,66.32970162178304,0.06824248796589977,785552,0.005,0.8745098061056635,0.3081461793050556,False,45013.88119466463,False,False
mixed,70.0,101,iei_rounded,4.0,4.467182074312813,1,15,0.6094858857907843,1.7936209855957057,0.9826671922913391,798385,0.9584486181478861,4.360075652723936,394,1.509003563020899,0.4317213189990491,11516.305542282897,29.416527049151156,0.05067857406001319,765211,0.005,0.823016492378393,0.33930877525923603,False,27742.89775760891,False,False
mixed,70.0,101,iei_rounded,4.0,4.467182074312813,1,59,0.6094858857907843,2.1625475388247257,0.9900521670787433,798385,0.9937436199327392,4.360075652723936,394,1.6669003388558128,0.3175432356250665,80246.95466886288,90.56852290056679,0.0814795800544375,793390,0.005,0.9244575167911759,0.2815823313871758,False,58603.02872211207,False,False
mixed,70.0,101,iei_rounded,4.0,4.467182074312813,3,30,0.6094858857907843,2.2247922243740748,0.9972416559118165,798385,0.3707697414154825,4.360075652723936,394,2.0710032108402476,0.2461610941319317,13251.311088246843,61.03439898564904,0.02057907955445787,296017,0.005,1.3081562101140756,0.19483192596550636,False,1532.8889273572713,False,False
mixed,70.0,101,fixed_10,10.0,4.467182074312813,1,30,0.9843333771337786,1.5272162957882158,0.9831014626226808,302970,0.8999504901475394,11.489649140178896,394,1.2674257000132787,0.2206600753702585,10423.597444940942,34.38681092790882,0.06477338814932626,272658,0.005,0.5966211594512403,0.2475007103427671,False,14394.163615298923,True,False
mixed,70.0,101,fixed_10,10.0,4.467182074312813,1,15,0.9843333771337786,1.3499569518959844,0.9765536040749824,302970,0.8373535333531372,11.489649140178896,394,1.161212098543201,0.29040381569739826,963.7224057729665,5.2215398140628135,0.04729776490140386,253693,0.005,0.5280175163708261,0.2836706755173224,False,8211.473297666525,True,False
mixed,70.0,101,fixed_10,10.0,4.467182074312813,1,59,0.9843333771337786,1.4601074341906348,0.9868835151531152,302970,0.9511733835033171,11.489649140178896,394,1.3109837405593776,0.15197532105332384,45456.430467091566,99.48131107651179,0.07106777936425163,288177,0.005,0.775093061659399,0.16802303813909492,False,13239.667871184181,True,True
mixed,70.0,101,fixed_10,10.0,4.467182074312813,3,30,0.9843333771337786,1.6980424073107838,0.997644165483478,302970,0.48062184374690564,11.489649140178896,394,1.6172178820430272,0.1692549001175606,5005.991036325157,39.17028273905377,0.017916558129038945,145614,0.005,1.0092303379314926,0.1480682524044052,False,550.5855128117837,True,True
mixed,70.0,101,selected_regression,10.0,4.467182074312813,1,30,0.9843333771337786,1.5272162957882158,0.9831014626226808,302970,0.8999504901475394,11.489649140178896,394,1.2674257000132787,0.2206600753702585,10423.597444940942,34.38681092790882,0.06477338814932626,272658,0.005,0.5966211594512403,0.2475007103427671,False,14394.163615298923,True,False
mixed,70.0,101,selected_mle,8.0,4.467182074312813,1,30,0.8681478704062991,1.6509621789805353,0.9824525580466166,387627,0.9344834080185332,8.980331607447365,394,1.345073060432446,0.24848271751366469,13917.648072940336,37.999110226346204,0.06758851377997493,362231,0.005,0.6397648997286466,0.2681748533607618,False,20948.97857706365,True,True
mixed,70.0,102,iei_rounded,4.0,4.479703744046152,1,30,0.609460712770776,2.0268003408757553,0.9848699343069145,798674,0.9840660895434182,4.343043594758312,356,1.6062205181482145,0.36178081869112666,39706.49149759738,65.38184105755214,0.06823471787224544,785948,0.005,0.8728778528920669,0.30940531295910817,False,45318.03480412159,False,False
mixed,70.0,102,iei_rounded,4.0,4.479703744046152,1,15,0.609460712770776,1.7979816603668508,0.9820700579477857,798674,0.9587591432799866,4.343043594758312,356,1.509562063081626,0.43209345150643874,11355.235180320036,29.053236076119987,0.0505797905230817,765736,0.005,0.823098398880684,0.339607379567315,False,27795.27505504014,False,False
mixed,70.0,102,iei_rounded,4.0,4.479703744046152,1,59,0.609460712770776,2.177489000348931,0.9897289554374368,798674,0.9938134958694035,4.343043594758312,356,1.667931491746332,0.3187048038997683,78840.6696524435,89.48122716239503,0.08150538953191938,793733,0.005,0.922132279456031,0.2831176502244852,False,59071.507209452335,False,False
mixed,70.0,102,iei_rounded,4.0,4.479703744046152,3,30,0.609460712770776,2.2375123494466904,0.9970043947867617,798674,0.370614293190964,4.343043594758312,356,2.0736714725159135,0.24697344732483606,12921.931938884165,59.61508003827404,0.020396397886220108,296000,0.005,1.2822602020184122,0.20222734277950077,False,1645.410627606092,False,False
mixed,70.0,102,fixed_10,10.0,4.479703744046152,1,30,0.9835984930290596,1.518105955896044,0.9834489110083141,302365,0.900362145089544,11.47181717460685,373,1.263696891024205,0.21901139963730043,10852.84494322106,35.959656670564286,0.06415865313186941,272238,0.005,0.6034209940666024,0.2431930832103663,False,13939.744966210797,True,False
mixed,70.0,102,fixed_10,10.0,4.479703744046152,1,15,0.9835984930290596,1.346017871263926,0.9768797839052717,302365,0.8364063300977296,11.47181717460685,373,1.159572311859792,0.2895931361041377,1098.5499628058683,5.9756124335673055,0.047160000768297294,252900,0.005,0.5317449746100568,0.28110503601388814,False,8049.153367621126,True,False
mixed,70.0,102,fixed_10,10.0,4.479703744046152,1,59,0.9835984930290596,1.4562550151230869,0.9868694889030754,302365,0.9518727365931904,11.47181717460685,373,1.307790104063555,0.15093227524821295,45538.85203647389,100.05280958135785,0.07057115078431198,287813,0.005,0.7770898922546551,0.1661202836752202,False,12980.5846008691,True,True
mixed,70.0,102,fixed_10,10.0,4.479703744046152,3,30,0.9835984930290596,1.6860321109160283,0.9977262741818409,302365,0.48194400806971704,11.47181717460685,373,1.608066042517228,0.16768618748537806,5114.181725812794,40.1656589646877,0.015120478054064607,145723,0.005,1.0469369255584866,0.13650420661662024,False,470.7991800941527,True,True
mixed,70.0,102,selected_regression,10.0,4.479703744046152,1,30,0.9835984930290596,1.518105955896044,0.9834489110083141,302365,0.900362145089544,11.47181717460685,373,1.263696891024205,0.21901139963730043,10852.84494322106,35.959656670564286,0.06415865313186941,272238,0.005,0.6034209940666024,0.2431930832103663,False,13939.744966210797,True,False
mixed,70.0,102,selected_mle,8.0,4.479703744046152,1,30,0.8689669022785518,1.6421943293608785,0.9821999140715836,387067,0.9351533455448282,8.961435617089547,370,1.3415211776115097,0.2465709811884071,14713.065599559943,40.36411103754178,0.06700918211795959,361967,0.005,0.6489473607498284,0.26283161979437564,False,20220.456362138735,True,True
mixed,70.0,103,iei_rounded,4.0,4.491224459569821,1,30,0.6081058049561987,2.021728045384663,0.9853880357833819,799292,0.984241053332199,4.328819755483603,403,1.6078729518627082,0.36216925237342346,40756.41313240083,66.82909576728524,0.06778181499406144,786696,0.005,0.8796364302675812,0.30733802386787673,False,44728.333116800524,False,False
mixed,70.0,103,iei_rounded,4.0,4.491224459569821,1,15,0.6081058049561987,1.7983586747858518,0.9822582892816016,799292,0.9590387492931244,4.328819755483603,403,1.5115410366317779,0.43273836637779195,11868.812230365023,30.319104390846686,0.05020404009036333,766552,0.005,0.8299661730157883,0.33730069559234027,False,27421.834031080827,False,False
mixed,70.0,103,iei_rounded,4.0,4.491224459569821,1,59,0.6081058049561987,2.1791555101740276,0.9895182175948006,799292,0.9938683234662676,4.328819755483603,403,1.6696383060245363,0.3194236545791673,79503.01633054506,90.13739584509197,0.08106902876170846,794391,0.005,0.9269380775131593,0.28210381895622105,False,58602.70699044317,False,False
mixed,70.0,103,iei_rounded,4.0,4.491224459569821,3,30,0.6081058049561987,2.228122259189154,0.9971486980288572,799292,0.36987233701826117,4.328819755483603,403,2.072949807034112,0.2466521089754657,13109.942111438335,60.303489798595685,0.020209452725991617,295636,0.005,1.2959383895431482,0.1985113053281997,False,1585.8348239089828,False,False
mixed,70.0,103,fixed_10,10.0,4.491224459569821,1,30,0.9878781358150878,1.5236022931099185,0.9834608071644692,302304,0.9000840213824495,11.44540264105007,403,1.2658054200018523,0.220084512211068,10431.06265250219,34.507239593582646,0.06527594598966957,272099,0.005,0.594454000260972,0.24756192084331524,False,14387.680246557808,True,False
mixed,70.0,103,fixed_10,10.0,4.491224459569821,1,15,0.9878781358150878,1.3568435961263399,0.9751505186271872,302304,0.836436170212766,11.44540264105007,403,1.1617632922402574,0.29117051704213404,594.668690013102,3.234490390876518,0.04833529227477912,252858,0.005,0.5147050027786744,0.2900235409033812,False,8541.138932668837,True,False
mixed,70.0,103,fixed_10,10.0,4.491224459569821,1,59,0.9878781358150878,1.4536529820267543,0.9868285623694006,302304,0.9520317296496242,11.44540264105007,403,1.3085605674483016,0.15105685154512483,45741.30873451558,100.39011586575992,0.07130252387937952,287803,0.005,0.7761441029020594,0.1667278012553432,False,13060.381587797077,True,True
mixed,70.0,103,fixed_10,10.0,4.491224459569821,3,30,0.9878781358150878,1.6932175527589943,0.9981109002625824,302304,0.48129035672700327,11.44540264105007,403,1.6160805129274411,0.16886163671105892,5150.670306224399,40.348440502017716,0.015849359364465854,145496,0.005,1.0475313145320848,0.13842407352592936,False,481.76530908513814,True,True
mixed,70.0,103,selected_regression,10.0,4.491224459569821,1,30,0.9878781358150878,1.5236022931099185,0.9834608071644692,302304,0.9000840213824495,11.44540264105007,403,1.2658054200018523,0.220084512211068,10431.06265250219,34.507239593582646,0.06527594598966957,272099,0.005,0.594454000260972,0.24756192084331524,False,14387.680246557808,True,False
mixed,70.0,103,selected_mle,8.0,4.491224459569821,1,30,0.8683700025720053,1.6447498570948587,0.9826678707557199,386981,0.9349787198854724,8.940984182685972,403,1.3434450567912197,0.2476161008402239,14255.148240611095,38.980790741641705,0.0678955614177344,361819,0.005,0.6412634526157194,0.26678530484543933,False,20751.102097195107,True,True
mixed,70.0,104,iei_rounded,4.0,4.486590446140722,1,30,0.6049754621945349,2.0266171793851275,0.9854287881735616,797829,0.9837885060583158,4.337889447488121,359,1.6117614099646023,0.3639600605206059,41170.79591392344,67.52530075975301,0.06760879585698687,784895,0.005,0.8858256878311586,0.3067993390717562,False,44278.23591660429,False,False
mixed,70.0,104,iei_rounded,4.0,4.486590446140722,1,15,0.6049754621945349,1.8051989369561332,0.9821927026703835,797829,0.9586803688509693,4.337889447488121,359,1.5163598228062352,0.43498195866129397,11974.078226784282,30.58295042885564,0.05021434753565995,764863,0.005,0.8345802430398898,0.33787628630274347,False,27338.90122811077,False,False
mixed,70.0,104,iei_rounded,4.0,4.486590446140722,1,59,0.6049754621945349,2.1635968991874455,0.9905284464111357,797829,0.9937417667194348,4.337889447488121,359,1.671958011655585,0.3194931121320673,82389.27876497795,92.69198583191921,0.08050868319456062,792836,0.005,0.9384961982883693,0.27865648713709434,False,57071.793466228526,False,False
mixed,70.0,104,iei_rounded,4.0,4.486590446140722,3,30,0.6049754621945349,2.2330113494913224,0.9971278060466534,797829,0.36772290804169816,4.337889447488121,359,2.0751508531319285,0.2471035550505869,12988.02736982288,60.01968817835421,0.020269339120819685,293380,0.005,1.2959182375447638,0.1991284103097181,False,1581.1393703757785,False,False
mixed,70.0,104,fixed_10,10.0,4.486590446140722,1,30,0.9817290977067606,1.5253469027757638,0.9837574739463486,302953,0.9005555317161408,11.423864427815536,372,1.2693219322346554,0.2210522640522749,10723.671781144107,35.28369093141201,0.06510334276838853,272826,0.005,0.6004568090401424,0.24693723159982106,False,14322.12758013676,True,False
mixed,70.0,104,fixed_10,10.0,4.486590446140722,1,15,0.9817290977067606,1.360337998756167,0.9755952824503439,302953,0.8373906183467402,11.423864427815536,372,1.1656515131036667,0.2924473932586571,690.5494361932889,3.7337930240375914,0.048200045477043985,253690,0.005,0.5202991636116431,0.2895510173505751,False,8526.139184674947,True,False
mixed,70.0,104,fixed_10,10.0,4.486590446140722,1,59,0.9817290977067606,1.4575913324843566,0.9871091793239487,302953,0.9520519684571535,11.423864427815536,372,1.3119353817912636,0.15194608516450586,46093.493426090405,100.83362936799543,0.07115162313799656,288427,0.005,0.780737429835018,0.16658251535919508,False,13027.341843430651,True,True
mixed,70.0,104,fixed_10,10.0,4.486590446140722,3,30,0.9817290977067606,1.6929104701912276,0.9980245683218596,302953,0.47972457773978144,11.423864427815536,372,1.6183609627364337,0.16917064547603256,5175.613763315147,40.510457877663406,0.01722316825797851,145334,0.005,1.0437353788489347,0.13993897288971902,False,491.27168552798685,True,True
mixed,70.0,104,selected_regression,10.0,4.486590446140722,1,30,0.9817290977067606,1.5253469027757638,0.9837574739463486,302953,0.9005555317161408,11.423864427815536,372,1.2693219322346554,0.2210522640522749,10723.671781144107,35.28369093141201,0.06510334276838853,272826,0.005,0.6004568090401424,0.24693723159982106,False,14322.12758013676,True,False
mixed,70.0,104,selected_mle,8.0,4.486590446140722,1,30,0.8626545353521322,1.6519988618077408,0.9827033203745191,387913,0.9351040052795343,8.92183041042708,372,1.3479351909744697,0.2491907766919222,14465.072748576336,39.47471222758804,0.06815501506546084,362739,0.005,0.646200167254634,0.2670593094105137,False,20766.54331307998,True,True
